source_key,source_name,source_type,source_url,question_count,page_progress,imported_at
licc-bonus-binary-search,LICC Bonus: Binary Search,problem-list,https://leetcode.com/problem-list/ajcgv2cg/,16,3/16,2026-05-17
licc-bonus-backtracking,LICC Bonus: Backtracking,problem-list,https://leetcode.com/problem-list/ajcgkew2/,8,0/8,2026-05-17
licc-bonus-dp,LICC Bonus: DP,problem-list,https://leetcode.com/problem-list/ajczh9c3/,15,0/15,2026-05-17
blind-curated-75,Blind Curated 75,problem-list,https://leetcode.com/problem-list/xoqag3yj/,74,30/74,2026-05-17
licc-bonus-heaps,LICC Bonus: Heaps,problem-list,https://leetcode.com/problem-list/ajcklrpj/,8,0/8,2026-05-17
licc-bonus-stacks-and-queues,LICC Bonus: Stacks and Queues,problem-list,https://leetcode.com/problem-list/ajc6l7ge/,15,0/15,2026-05-17
licc-bonus-arrays-and-strings,LICC Bonus: Arrays and Strings,problem-list,https://leetcode.com/problem-list/ajc81mgt/,11,8/11,2026-05-17
licc-bonus-hashing,LICC Bonus: Hashing,problem-list,https://leetcode.com/problem-list/ajcqwr0m/,17,16/17,2026-05-17
google-thirty-days,Google 30 Days,company,https://leetcode.com/company/google/?favoriteSlug=google-thirty-days,128,31/128,2026-05-17
meta-thirty-days,Meta 30 Days,company,https://leetcode.com/company/facebook/?favoriteSlug=facebook-thirty-days,22,5/22,2026-05-17
