source_key,source_name,source_type,source_url,source_order,problem_id,slug,title,difficulty,acceptance,problem_url,concepts,neetcode_url,neetcode_slug,imported_at
neetcode-150,NeetCode 150,neetcode-list,https://neetcode.io/practice/practice/neetcode150,1,217,contains-duplicate,Contains Duplicate,Easy,,https://leetcode.com/problems/contains-duplicate/,Arrays & Hashing,https://neetcode.io/problems/duplicate-integer/question?list=neetcode150,duplicate-integer,2026-05-25
neetcode-150,NeetCode 150,neetcode-list,https://neetcode.io/practice/practice/neetcode150,2,242,valid-anagram,Valid Anagram,Easy,,https://leetcode.com/problems/valid-anagram/,Arrays & Hashing,https://neetcode.io/problems/is-anagram/question?list=neetcode150,is-anagram,2026-05-25
neetcode-150,NeetCode 150,neetcode-list,https://neetcode.io/practice/practice/neetcode150,3,1,two-sum,Two Sum,Easy,,https://leetcode.com/problems/two-sum/,Arrays & Hashing,https://neetcode.io/problems/two-integer-sum/question?list=neetcode150,two-integer-sum,2026-05-25
neetcode-150,NeetCode 150,neetcode-list,https://neetcode.io/practice/practice/neetcode150,4,49,group-anagrams,Group Anagrams,Medium,,https://leetcode.com/problems/group-anagrams/,Arrays & Hashing,https://neetcode.io/problems/anagram-groups/question?list=neetcode150,anagram-groups,2026-05-25
neetcode-150,NeetCode 150,neetcode-list,https://neetcode.io/practice/practice/neetcode150,5,347,top-k-frequent-elements,Top K Frequent Elements,Medium,,https://leetcode.com/problems/top-k-frequent-elements/,Arrays & Hashing,https://neetcode.io/problems/top-k-elements-in-list/question?list=neetcode150,top-k-elements-in-list,2026-05-25
neetcode-150,NeetCode 150,neetcode-list,https://neetcode.io/practice/practice/neetcode150,6,271,encode-and-decode-strings,Encode and Decode Strings,Medium,,https://leetcode.com/problems/encode-and-decode-strings/,Arrays & Hashing,https://neetcode.io/problems/string-encode-and-decode/question?list=neetcode150,string-encode-and-decode,2026-05-25
neetcode-150,NeetCode 150,neetcode-list,https://neetcode.io/practice/practice/neetcode150,7,238,product-of-array-except-self,Product of Array Except Self,Medium,,https://leetcode.com/problems/product-of-array-except-self/,Arrays & Hashing,https://neetcode.io/problems/products-of-array-discluding-self/question?list=neetcode150,products-of-array-discluding-self,2026-05-25
neetcode-150,NeetCode 150,neetcode-list,https://neetcode.io/practice/practice/neetcode150,8,36,valid-sudoku,Valid Sudoku,Medium,,https://leetcode.com/problems/valid-sudoku/,Arrays & Hashing,https://neetcode.io/problems/valid-sudoku/question?list=neetcode150,valid-sudoku,2026-05-25
neetcode-150,NeetCode 150,neetcode-list,https://neetcode.io/practice/practice/neetcode150,9,128,longest-consecutive-sequence,Longest Consecutive Sequence,Medium,,https://leetcode.com/problems/longest-consecutive-sequence/,Arrays & Hashing,https://neetcode.io/problems/longest-consecutive-sequence/question?list=neetcode150,longest-consecutive-sequence,2026-05-25
neetcode-150,NeetCode 150,neetcode-list,https://neetcode.io/practice/practice/neetcode150,10,125,valid-palindrome,Valid Palindrome,Easy,,https://leetcode.com/problems/valid-palindrome/,Two Pointers,https://neetcode.io/problems/is-palindrome/question?list=neetcode150,is-palindrome,2026-05-25
neetcode-150,NeetCode 150,neetcode-list,https://neetcode.io/practice/practice/neetcode150,11,167,two-sum-ii-input-array-is-sorted,Two Sum II Input Array Is Sorted,Medium,,https://leetcode.com/problems/two-sum-ii-input-array-is-sorted/,Two Pointers,https://neetcode.io/problems/two-integer-sum-ii/question?list=neetcode150,two-integer-sum-ii,2026-05-25
neetcode-150,NeetCode 150,neetcode-list,https://neetcode.io/practice/practice/neetcode150,12,15,3sum,3Sum,Medium,,https://leetcode.com/problems/3sum/,Two Pointers,https://neetcode.io/problems/three-integer-sum/question?list=neetcode150,three-integer-sum,2026-05-25
neetcode-150,NeetCode 150,neetcode-list,https://neetcode.io/practice/practice/neetcode150,13,11,container-with-most-water,Container With Most Water,Medium,,https://leetcode.com/problems/container-with-most-water/,Two Pointers,https://neetcode.io/problems/max-water-container/question?list=neetcode150,max-water-container,2026-05-25
neetcode-150,NeetCode 150,neetcode-list,https://neetcode.io/practice/practice/neetcode150,14,42,trapping-rain-water,Trapping Rain Water,Hard,,https://leetcode.com/problems/trapping-rain-water/,Two Pointers,https://neetcode.io/problems/trapping-rain-water/question?list=neetcode150,trapping-rain-water,2026-05-25
neetcode-150,NeetCode 150,neetcode-list,https://neetcode.io/practice/practice/neetcode150,15,121,best-time-to-buy-and-sell-stock,Best Time to Buy And Sell Stock,Easy,,https://leetcode.com/problems/best-time-to-buy-and-sell-stock/,Sliding Window,https://neetcode.io/problems/buy-and-sell-crypto/question?list=neetcode150,buy-and-sell-crypto,2026-05-25
neetcode-150,NeetCode 150,neetcode-list,https://neetcode.io/practice/practice/neetcode150,16,3,longest-substring-without-repeating-characters,Longest Substring Without Repeating Characters,Medium,,https://leetcode.com/problems/longest-substring-without-repeating-characters/,Sliding Window,https://neetcode.io/problems/longest-substring-without-duplicates/question?list=neetcode150,longest-substring-without-duplicates,2026-05-25
neetcode-150,NeetCode 150,neetcode-list,https://neetcode.io/practice/practice/neetcode150,17,424,longest-repeating-character-replacement,Longest Repeating Character Replacement,Medium,,https://leetcode.com/problems/longest-repeating-character-replacement/,Sliding Window,https://neetcode.io/problems/longest-repeating-substring-with-replacement/question?list=neetcode150,longest-repeating-substring-with-replacement,2026-05-25
neetcode-150,NeetCode 150,neetcode-list,https://neetcode.io/practice/practice/neetcode150,18,567,permutation-in-string,Permutation In String,Medium,,https://leetcode.com/problems/permutation-in-string/,Sliding Window,https://neetcode.io/problems/permutation-string/question?list=neetcode150,permutation-string,2026-05-25
neetcode-150,NeetCode 150,neetcode-list,https://neetcode.io/practice/practice/neetcode150,19,76,minimum-window-substring,Minimum Window Substring,Hard,,https://leetcode.com/problems/minimum-window-substring/,Sliding Window,https://neetcode.io/problems/minimum-window-with-characters/question?list=neetcode150,minimum-window-with-characters,2026-05-25
neetcode-150,NeetCode 150,neetcode-list,https://neetcode.io/practice/practice/neetcode150,20,239,sliding-window-maximum,Sliding Window Maximum,Hard,,https://leetcode.com/problems/sliding-window-maximum/,Sliding Window,https://neetcode.io/problems/sliding-window-maximum/question?list=neetcode150,sliding-window-maximum,2026-05-25
neetcode-150,NeetCode 150,neetcode-list,https://neetcode.io/practice/practice/neetcode150,21,20,valid-parentheses,Valid Parentheses,Easy,,https://leetcode.com/problems/valid-parentheses/,Stack,https://neetcode.io/problems/validate-parentheses/question?list=neetcode150,validate-parentheses,2026-05-25
neetcode-150,NeetCode 150,neetcode-list,https://neetcode.io/practice/practice/neetcode150,22,155,min-stack,Min Stack,Medium,,https://leetcode.com/problems/min-stack/,Stack,https://neetcode.io/problems/minimum-stack/question?list=neetcode150,minimum-stack,2026-05-25
neetcode-150,NeetCode 150,neetcode-list,https://neetcode.io/practice/practice/neetcode150,23,150,evaluate-reverse-polish-notation,Evaluate Reverse Polish Notation,Medium,,https://leetcode.com/problems/evaluate-reverse-polish-notation/,Stack,https://neetcode.io/problems/evaluate-reverse-polish-notation/question?list=neetcode150,evaluate-reverse-polish-notation,2026-05-25
neetcode-150,NeetCode 150,neetcode-list,https://neetcode.io/practice/practice/neetcode150,24,739,daily-temperatures,Daily Temperatures,Medium,,https://leetcode.com/problems/daily-temperatures/,Stack,https://neetcode.io/problems/daily-temperatures/question?list=neetcode150,daily-temperatures,2026-05-25
neetcode-150,NeetCode 150,neetcode-list,https://neetcode.io/practice/practice/neetcode150,25,853,car-fleet,Car Fleet,Medium,,https://leetcode.com/problems/car-fleet/,Stack,https://neetcode.io/problems/car-fleet/question?list=neetcode150,car-fleet,2026-05-25
neetcode-150,NeetCode 150,neetcode-list,https://neetcode.io/practice/practice/neetcode150,26,84,largest-rectangle-in-histogram,Largest Rectangle In Histogram,Hard,,https://leetcode.com/problems/largest-rectangle-in-histogram/,Stack,https://neetcode.io/problems/largest-rectangle-in-histogram/question?list=neetcode150,largest-rectangle-in-histogram,2026-05-25
neetcode-150,NeetCode 150,neetcode-list,https://neetcode.io/practice/practice/neetcode150,27,704,binary-search,Binary Search,Easy,,https://leetcode.com/problems/binary-search/,Binary Search,https://neetcode.io/problems/binary-search/question?list=neetcode150,binary-search,2026-05-25
neetcode-150,NeetCode 150,neetcode-list,https://neetcode.io/practice/practice/neetcode150,28,74,search-a-2d-matrix,Search a 2D Matrix,Medium,,https://leetcode.com/problems/search-a-2d-matrix/,Binary Search,https://neetcode.io/problems/search-2d-matrix/question?list=neetcode150,search-2d-matrix,2026-05-25
neetcode-150,NeetCode 150,neetcode-list,https://neetcode.io/practice/practice/neetcode150,29,875,koko-eating-bananas,Koko Eating Bananas,Medium,,https://leetcode.com/problems/koko-eating-bananas/,Binary Search,https://neetcode.io/problems/eating-bananas/question?list=neetcode150,eating-bananas,2026-05-25
neetcode-150,NeetCode 150,neetcode-list,https://neetcode.io/practice/practice/neetcode150,30,153,find-minimum-in-rotated-sorted-array,Find Minimum In Rotated Sorted Array,Medium,,https://leetcode.com/problems/find-minimum-in-rotated-sorted-array/,Binary Search,https://neetcode.io/problems/find-minimum-in-rotated-sorted-array/question?list=neetcode150,find-minimum-in-rotated-sorted-array,2026-05-25
neetcode-150,NeetCode 150,neetcode-list,https://neetcode.io/practice/practice/neetcode150,31,33,search-in-rotated-sorted-array,Search In Rotated Sorted Array,Medium,,https://leetcode.com/problems/search-in-rotated-sorted-array/,Binary Search,https://neetcode.io/problems/find-target-in-rotated-sorted-array/question?list=neetcode150,find-target-in-rotated-sorted-array,2026-05-25
neetcode-150,NeetCode 150,neetcode-list,https://neetcode.io/practice/practice/neetcode150,32,981,time-based-key-value-store,Time Based Key Value Store,Medium,,https://leetcode.com/problems/time-based-key-value-store/,Binary Search,https://neetcode.io/problems/time-based-key-value-store/question?list=neetcode150,time-based-key-value-store,2026-05-25
neetcode-150,NeetCode 150,neetcode-list,https://neetcode.io/practice/practice/neetcode150,33,4,median-of-two-sorted-arrays,Median of Two Sorted Arrays,Hard,,https://leetcode.com/problems/median-of-two-sorted-arrays/,Binary Search,https://neetcode.io/problems/median-of-two-sorted-arrays/question?list=neetcode150,median-of-two-sorted-arrays,2026-05-25
neetcode-150,NeetCode 150,neetcode-list,https://neetcode.io/practice/practice/neetcode150,34,206,reverse-linked-list,Reverse Linked List,Easy,,https://leetcode.com/problems/reverse-linked-list/,Linked List,https://neetcode.io/problems/reverse-a-linked-list/question?list=neetcode150,reverse-a-linked-list,2026-05-25
neetcode-150,NeetCode 150,neetcode-list,https://neetcode.io/practice/practice/neetcode150,35,21,merge-two-sorted-lists,Merge Two Sorted Lists,Easy,,https://leetcode.com/problems/merge-two-sorted-lists/,Linked List,https://neetcode.io/problems/merge-two-sorted-linked-lists/question?list=neetcode150,merge-two-sorted-linked-lists,2026-05-25
neetcode-150,NeetCode 150,neetcode-list,https://neetcode.io/practice/practice/neetcode150,36,141,linked-list-cycle,Linked List Cycle,Easy,,https://leetcode.com/problems/linked-list-cycle/,Linked List,https://neetcode.io/problems/linked-list-cycle-detection/question?list=neetcode150,linked-list-cycle-detection,2026-05-25
neetcode-150,NeetCode 150,neetcode-list,https://neetcode.io/practice/practice/neetcode150,37,143,reorder-list,Reorder List,Medium,,https://leetcode.com/problems/reorder-list/,Linked List,https://neetcode.io/problems/reorder-linked-list/question?list=neetcode150,reorder-linked-list,2026-05-25
neetcode-150,NeetCode 150,neetcode-list,https://neetcode.io/practice/practice/neetcode150,38,19,remove-nth-node-from-end-of-list,Remove Nth Node From End of List,Medium,,https://leetcode.com/problems/remove-nth-node-from-end-of-list/,Linked List,https://neetcode.io/problems/remove-node-from-end-of-linked-list/question?list=neetcode150,remove-node-from-end-of-linked-list,2026-05-25
neetcode-150,NeetCode 150,neetcode-list,https://neetcode.io/practice/practice/neetcode150,39,138,copy-list-with-random-pointer,Copy List With Random Pointer,Medium,,https://leetcode.com/problems/copy-list-with-random-pointer/,Linked List,https://neetcode.io/problems/copy-linked-list-with-random-pointer/question?list=neetcode150,copy-linked-list-with-random-pointer,2026-05-25
neetcode-150,NeetCode 150,neetcode-list,https://neetcode.io/practice/practice/neetcode150,40,2,add-two-numbers,Add Two Numbers,Medium,,https://leetcode.com/problems/add-two-numbers/,Linked List,https://neetcode.io/problems/add-two-numbers/question?list=neetcode150,add-two-numbers,2026-05-25
neetcode-150,NeetCode 150,neetcode-list,https://neetcode.io/practice/practice/neetcode150,41,287,find-the-duplicate-number,Find The Duplicate Number,Medium,,https://leetcode.com/problems/find-the-duplicate-number/,Linked List,https://neetcode.io/problems/find-duplicate-integer/question?list=neetcode150,find-duplicate-integer,2026-05-25
neetcode-150,NeetCode 150,neetcode-list,https://neetcode.io/practice/practice/neetcode150,42,146,lru-cache,LRU Cache,Medium,,https://leetcode.com/problems/lru-cache/,Linked List,https://neetcode.io/problems/lru-cache/question?list=neetcode150,lru-cache,2026-05-25
neetcode-150,NeetCode 150,neetcode-list,https://neetcode.io/practice/practice/neetcode150,43,23,merge-k-sorted-lists,Merge K Sorted Lists,Hard,,https://leetcode.com/problems/merge-k-sorted-lists/,Linked List,https://neetcode.io/problems/merge-k-sorted-linked-lists/question?list=neetcode150,merge-k-sorted-linked-lists,2026-05-25
neetcode-150,NeetCode 150,neetcode-list,https://neetcode.io/practice/practice/neetcode150,44,25,reverse-nodes-in-k-group,Reverse Nodes In K Group,Hard,,https://leetcode.com/problems/reverse-nodes-in-k-group/,Linked List,https://neetcode.io/problems/reverse-nodes-in-k-group/question?list=neetcode150,reverse-nodes-in-k-group,2026-05-25
neetcode-150,NeetCode 150,neetcode-list,https://neetcode.io/practice/practice/neetcode150,45,226,invert-binary-tree,Invert Binary Tree,Easy,,https://leetcode.com/problems/invert-binary-tree/,Trees,https://neetcode.io/problems/invert-a-binary-tree/question?list=neetcode150,invert-a-binary-tree,2026-05-25
neetcode-150,NeetCode 150,neetcode-list,https://neetcode.io/practice/practice/neetcode150,46,104,maximum-depth-of-binary-tree,Maximum Depth of Binary Tree,Easy,,https://leetcode.com/problems/maximum-depth-of-binary-tree/,Trees,https://neetcode.io/problems/depth-of-binary-tree/question?list=neetcode150,depth-of-binary-tree,2026-05-25
neetcode-150,NeetCode 150,neetcode-list,https://neetcode.io/practice/practice/neetcode150,47,543,diameter-of-binary-tree,Diameter of Binary Tree,Easy,,https://leetcode.com/problems/diameter-of-binary-tree/,Trees,https://neetcode.io/problems/binary-tree-diameter/question?list=neetcode150,binary-tree-diameter,2026-05-25
neetcode-150,NeetCode 150,neetcode-list,https://neetcode.io/practice/practice/neetcode150,48,110,balanced-binary-tree,Balanced Binary Tree,Easy,,https://leetcode.com/problems/balanced-binary-tree/,Trees,https://neetcode.io/problems/balanced-binary-tree/question?list=neetcode150,balanced-binary-tree,2026-05-25
neetcode-150,NeetCode 150,neetcode-list,https://neetcode.io/practice/practice/neetcode150,49,100,same-tree,Same Tree,Easy,,https://leetcode.com/problems/same-tree/,Trees,https://neetcode.io/problems/same-binary-tree/question?list=neetcode150,same-binary-tree,2026-05-25
neetcode-150,NeetCode 150,neetcode-list,https://neetcode.io/practice/practice/neetcode150,50,572,subtree-of-another-tree,Subtree of Another Tree,Easy,,https://leetcode.com/problems/subtree-of-another-tree/,Trees,https://neetcode.io/problems/subtree-of-a-binary-tree/question?list=neetcode150,subtree-of-a-binary-tree,2026-05-25
neetcode-150,NeetCode 150,neetcode-list,https://neetcode.io/practice/practice/neetcode150,51,235,lowest-common-ancestor-of-a-binary-search-tree,Lowest Common Ancestor of a Binary Search Tree,Medium,,https://leetcode.com/problems/lowest-common-ancestor-of-a-binary-search-tree/,Trees,https://neetcode.io/problems/lowest-common-ancestor-in-binary-search-tree/question?list=neetcode150,lowest-common-ancestor-in-binary-search-tree,2026-05-25
neetcode-150,NeetCode 150,neetcode-list,https://neetcode.io/practice/practice/neetcode150,52,102,binary-tree-level-order-traversal,Binary Tree Level Order Traversal,Medium,,https://leetcode.com/problems/binary-tree-level-order-traversal/,Trees,https://neetcode.io/problems/level-order-traversal-of-binary-tree/question?list=neetcode150,level-order-traversal-of-binary-tree,2026-05-25
neetcode-150,NeetCode 150,neetcode-list,https://neetcode.io/practice/practice/neetcode150,53,199,binary-tree-right-side-view,Binary Tree Right Side View,Medium,,https://leetcode.com/problems/binary-tree-right-side-view/,Trees,https://neetcode.io/problems/binary-tree-right-side-view/question?list=neetcode150,binary-tree-right-side-view,2026-05-25
neetcode-150,NeetCode 150,neetcode-list,https://neetcode.io/practice/practice/neetcode150,54,1448,count-good-nodes-in-binary-tree,Count Good Nodes In Binary Tree,Medium,,https://leetcode.com/problems/count-good-nodes-in-binary-tree/,Trees,https://neetcode.io/problems/count-good-nodes-in-binary-tree/question?list=neetcode150,count-good-nodes-in-binary-tree,2026-05-25
neetcode-150,NeetCode 150,neetcode-list,https://neetcode.io/practice/practice/neetcode150,55,98,validate-binary-search-tree,Validate Binary Search Tree,Medium,,https://leetcode.com/problems/validate-binary-search-tree/,Trees,https://neetcode.io/problems/valid-binary-search-tree/question?list=neetcode150,valid-binary-search-tree,2026-05-25
neetcode-150,NeetCode 150,neetcode-list,https://neetcode.io/practice/practice/neetcode150,56,230,kth-smallest-element-in-a-bst,Kth Smallest Element In a Bst,Medium,,https://leetcode.com/problems/kth-smallest-element-in-a-bst/,Trees,https://neetcode.io/problems/kth-smallest-integer-in-bst/question?list=neetcode150,kth-smallest-integer-in-bst,2026-05-25
neetcode-150,NeetCode 150,neetcode-list,https://neetcode.io/practice/practice/neetcode150,57,105,construct-binary-tree-from-preorder-and-inorder-traversal,Construct Binary Tree From Preorder And Inorder Traversal,Medium,,https://leetcode.com/problems/construct-binary-tree-from-preorder-and-inorder-traversal/,Trees,https://neetcode.io/problems/binary-tree-from-preorder-and-inorder-traversal/question?list=neetcode150,binary-tree-from-preorder-and-inorder-traversal,2026-05-25
neetcode-150,NeetCode 150,neetcode-list,https://neetcode.io/practice/practice/neetcode150,58,124,binary-tree-maximum-path-sum,Binary Tree Maximum Path Sum,Hard,,https://leetcode.com/problems/binary-tree-maximum-path-sum/,Trees,https://neetcode.io/problems/binary-tree-maximum-path-sum/question?list=neetcode150,binary-tree-maximum-path-sum,2026-05-25
neetcode-150,NeetCode 150,neetcode-list,https://neetcode.io/practice/practice/neetcode150,59,297,serialize-and-deserialize-binary-tree,Serialize And Deserialize Binary Tree,Hard,,https://leetcode.com/problems/serialize-and-deserialize-binary-tree/,Trees,https://neetcode.io/problems/serialize-and-deserialize-binary-tree/question?list=neetcode150,serialize-and-deserialize-binary-tree,2026-05-25
neetcode-150,NeetCode 150,neetcode-list,https://neetcode.io/practice/practice/neetcode150,60,703,kth-largest-element-in-a-stream,Kth Largest Element In a Stream,Easy,,https://leetcode.com/problems/kth-largest-element-in-a-stream/,Heap / Priority Queue,https://neetcode.io/problems/kth-largest-integer-in-a-stream/question?list=neetcode150,kth-largest-integer-in-a-stream,2026-05-25
neetcode-150,NeetCode 150,neetcode-list,https://neetcode.io/practice/practice/neetcode150,61,1046,last-stone-weight,Last Stone Weight,Easy,,https://leetcode.com/problems/last-stone-weight/,Heap / Priority Queue,https://neetcode.io/problems/last-stone-weight/question?list=neetcode150,last-stone-weight,2026-05-25
neetcode-150,NeetCode 150,neetcode-list,https://neetcode.io/practice/practice/neetcode150,62,973,k-closest-points-to-origin,K Closest Points to Origin,Medium,,https://leetcode.com/problems/k-closest-points-to-origin/,Heap / Priority Queue,https://neetcode.io/problems/k-closest-points-to-origin/question?list=neetcode150,k-closest-points-to-origin,2026-05-25
neetcode-150,NeetCode 150,neetcode-list,https://neetcode.io/practice/practice/neetcode150,63,215,kth-largest-element-in-an-array,Kth Largest Element In An Array,Medium,,https://leetcode.com/problems/kth-largest-element-in-an-array/,Heap / Priority Queue,https://neetcode.io/problems/kth-largest-element-in-an-array/question?list=neetcode150,kth-largest-element-in-an-array,2026-05-25
neetcode-150,NeetCode 150,neetcode-list,https://neetcode.io/practice/practice/neetcode150,64,621,task-scheduler,Task Scheduler,Medium,,https://leetcode.com/problems/task-scheduler/,Heap / Priority Queue,https://neetcode.io/problems/task-scheduling/question?list=neetcode150,task-scheduling,2026-05-25
neetcode-150,NeetCode 150,neetcode-list,https://neetcode.io/practice/practice/neetcode150,65,355,design-twitter,Design Twitter,Medium,,https://leetcode.com/problems/design-twitter/,Heap / Priority Queue,https://neetcode.io/problems/design-twitter-feed/question?list=neetcode150,design-twitter-feed,2026-05-25
neetcode-150,NeetCode 150,neetcode-list,https://neetcode.io/practice/practice/neetcode150,66,295,find-median-from-data-stream,Find Median From Data Stream,Hard,,https://leetcode.com/problems/find-median-from-data-stream/,Heap / Priority Queue,https://neetcode.io/problems/find-median-in-a-data-stream/question?list=neetcode150,find-median-in-a-data-stream,2026-05-25
neetcode-150,NeetCode 150,neetcode-list,https://neetcode.io/practice/practice/neetcode150,67,78,subsets,Subsets,Medium,,https://leetcode.com/problems/subsets/,Backtracking,https://neetcode.io/problems/subsets/question?list=neetcode150,subsets,2026-05-25
neetcode-150,NeetCode 150,neetcode-list,https://neetcode.io/practice/practice/neetcode150,68,39,combination-sum,Combination Sum,Medium,,https://leetcode.com/problems/combination-sum/,Backtracking,https://neetcode.io/problems/combination-target-sum/question?list=neetcode150,combination-target-sum,2026-05-25
neetcode-150,NeetCode 150,neetcode-list,https://neetcode.io/practice/practice/neetcode150,69,40,combination-sum-ii,Combination Sum II,Medium,,https://leetcode.com/problems/combination-sum-ii/,Backtracking,https://neetcode.io/problems/combination-target-sum-ii/question?list=neetcode150,combination-target-sum-ii,2026-05-25
neetcode-150,NeetCode 150,neetcode-list,https://neetcode.io/practice/practice/neetcode150,70,46,permutations,Permutations,Medium,,https://leetcode.com/problems/permutations/,Backtracking,https://neetcode.io/problems/permutations/question?list=neetcode150,permutations,2026-05-25
neetcode-150,NeetCode 150,neetcode-list,https://neetcode.io/practice/practice/neetcode150,71,90,subsets-ii,Subsets II,Medium,,https://leetcode.com/problems/subsets-ii/,Backtracking,https://neetcode.io/problems/subsets-ii/question?list=neetcode150,subsets-ii,2026-05-25
neetcode-150,NeetCode 150,neetcode-list,https://neetcode.io/practice/practice/neetcode150,72,22,generate-parentheses,Generate Parentheses,Medium,,https://leetcode.com/problems/generate-parentheses/,Backtracking,https://neetcode.io/problems/generate-parentheses/question?list=neetcode150,generate-parentheses,2026-05-25
neetcode-150,NeetCode 150,neetcode-list,https://neetcode.io/practice/practice/neetcode150,73,79,word-search,Word Search,Medium,,https://leetcode.com/problems/word-search/,Backtracking,https://neetcode.io/problems/search-for-word/question?list=neetcode150,search-for-word,2026-05-25
neetcode-150,NeetCode 150,neetcode-list,https://neetcode.io/practice/practice/neetcode150,74,131,palindrome-partitioning,Palindrome Partitioning,Medium,,https://leetcode.com/problems/palindrome-partitioning/,Backtracking,https://neetcode.io/problems/palindrome-partitioning/question?list=neetcode150,palindrome-partitioning,2026-05-25
neetcode-150,NeetCode 150,neetcode-list,https://neetcode.io/practice/practice/neetcode150,75,17,letter-combinations-of-a-phone-number,Letter Combinations of a Phone Number,Medium,,https://leetcode.com/problems/letter-combinations-of-a-phone-number/,Backtracking,https://neetcode.io/problems/combinations-of-a-phone-number/question?list=neetcode150,combinations-of-a-phone-number,2026-05-25
neetcode-150,NeetCode 150,neetcode-list,https://neetcode.io/practice/practice/neetcode150,76,51,n-queens,N Queens,Hard,,https://leetcode.com/problems/n-queens/,Backtracking,https://neetcode.io/problems/n-queens/question?list=neetcode150,n-queens,2026-05-25
neetcode-150,NeetCode 150,neetcode-list,https://neetcode.io/practice/practice/neetcode150,77,208,implement-trie-prefix-tree,Implement Trie Prefix Tree,Medium,,https://leetcode.com/problems/implement-trie-prefix-tree/,Tries,https://neetcode.io/problems/implement-prefix-tree/question?list=neetcode150,implement-prefix-tree,2026-05-25
neetcode-150,NeetCode 150,neetcode-list,https://neetcode.io/practice/practice/neetcode150,78,211,design-add-and-search-words-data-structure,Design Add And Search Words Data Structure,Medium,,https://leetcode.com/problems/design-add-and-search-words-data-structure/,Tries,https://neetcode.io/problems/design-word-search-data-structure/question?list=neetcode150,design-word-search-data-structure,2026-05-25
neetcode-150,NeetCode 150,neetcode-list,https://neetcode.io/practice/practice/neetcode150,79,212,word-search-ii,Word Search II,Hard,,https://leetcode.com/problems/word-search-ii/,Tries,https://neetcode.io/problems/search-for-word-ii/question?list=neetcode150,search-for-word-ii,2026-05-25
neetcode-150,NeetCode 150,neetcode-list,https://neetcode.io/practice/practice/neetcode150,80,200,number-of-islands,Number of Islands,Medium,,https://leetcode.com/problems/number-of-islands/,Graphs,https://neetcode.io/problems/count-number-of-islands/question?list=neetcode150,count-number-of-islands,2026-05-25
neetcode-150,NeetCode 150,neetcode-list,https://neetcode.io/practice/practice/neetcode150,81,695,max-area-of-island,Max Area of Island,Medium,,https://leetcode.com/problems/max-area-of-island/,Graphs,https://neetcode.io/problems/max-area-of-island/question?list=neetcode150,max-area-of-island,2026-05-25
neetcode-150,NeetCode 150,neetcode-list,https://neetcode.io/practice/practice/neetcode150,82,133,clone-graph,Clone Graph,Medium,,https://leetcode.com/problems/clone-graph/,Graphs,https://neetcode.io/problems/clone-graph/question?list=neetcode150,clone-graph,2026-05-25
neetcode-150,NeetCode 150,neetcode-list,https://neetcode.io/practice/practice/neetcode150,83,286,walls-and-gates,Walls And Gates,Medium,,https://leetcode.com/problems/walls-and-gates/,Graphs,https://neetcode.io/problems/islands-and-treasure/question?list=neetcode150,islands-and-treasure,2026-05-25
neetcode-150,NeetCode 150,neetcode-list,https://neetcode.io/practice/practice/neetcode150,84,994,rotting-oranges,Rotting Oranges,Medium,,https://leetcode.com/problems/rotting-oranges/,Graphs,https://neetcode.io/problems/rotting-fruit/question?list=neetcode150,rotting-fruit,2026-05-25
neetcode-150,NeetCode 150,neetcode-list,https://neetcode.io/practice/practice/neetcode150,85,417,pacific-atlantic-water-flow,Pacific Atlantic Water Flow,Medium,,https://leetcode.com/problems/pacific-atlantic-water-flow/,Graphs,https://neetcode.io/problems/pacific-atlantic-water-flow/question?list=neetcode150,pacific-atlantic-water-flow,2026-05-25
neetcode-150,NeetCode 150,neetcode-list,https://neetcode.io/practice/practice/neetcode150,86,130,surrounded-regions,Surrounded Regions,Medium,,https://leetcode.com/problems/surrounded-regions/,Graphs,https://neetcode.io/problems/surrounded-regions/question?list=neetcode150,surrounded-regions,2026-05-25
neetcode-150,NeetCode 150,neetcode-list,https://neetcode.io/practice/practice/neetcode150,87,207,course-schedule,Course Schedule,Medium,,https://leetcode.com/problems/course-schedule/,Graphs,https://neetcode.io/problems/course-schedule/question?list=neetcode150,course-schedule,2026-05-25
neetcode-150,NeetCode 150,neetcode-list,https://neetcode.io/practice/practice/neetcode150,88,210,course-schedule-ii,Course Schedule II,Medium,,https://leetcode.com/problems/course-schedule-ii/,Graphs,https://neetcode.io/problems/course-schedule-ii/question?list=neetcode150,course-schedule-ii,2026-05-25
neetcode-150,NeetCode 150,neetcode-list,https://neetcode.io/practice/practice/neetcode150,89,261,graph-valid-tree,Graph Valid Tree,Medium,,https://leetcode.com/problems/graph-valid-tree/,Graphs,https://neetcode.io/problems/valid-tree/question?list=neetcode150,valid-tree,2026-05-25
neetcode-150,NeetCode 150,neetcode-list,https://neetcode.io/practice/practice/neetcode150,90,323,number-of-connected-components-in-an-undirected-graph,Number of Connected Components In An Undirected Graph,Medium,,https://leetcode.com/problems/number-of-connected-components-in-an-undirected-graph/,Graphs,https://neetcode.io/problems/count-connected-components/question?list=neetcode150,count-connected-components,2026-05-25
neetcode-150,NeetCode 150,neetcode-list,https://neetcode.io/practice/practice/neetcode150,91,684,redundant-connection,Redundant Connection,Medium,,https://leetcode.com/problems/redundant-connection/,Graphs,https://neetcode.io/problems/redundant-connection/question?list=neetcode150,redundant-connection,2026-05-25
neetcode-150,NeetCode 150,neetcode-list,https://neetcode.io/practice/practice/neetcode150,92,127,word-ladder,Word Ladder,Hard,,https://leetcode.com/problems/word-ladder/,Graphs,https://neetcode.io/problems/word-ladder/question?list=neetcode150,word-ladder,2026-05-25
neetcode-150,NeetCode 150,neetcode-list,https://neetcode.io/practice/practice/neetcode150,93,743,network-delay-time,Network Delay Time,Medium,,https://leetcode.com/problems/network-delay-time/,Advanced Graphs,https://neetcode.io/problems/network-delay-time/question?list=neetcode150,network-delay-time,2026-05-25
neetcode-150,NeetCode 150,neetcode-list,https://neetcode.io/practice/practice/neetcode150,94,332,reconstruct-itinerary,Reconstruct Itinerary,Hard,,https://leetcode.com/problems/reconstruct-itinerary/,Advanced Graphs,https://neetcode.io/problems/reconstruct-flight-path/question?list=neetcode150,reconstruct-flight-path,2026-05-25
neetcode-150,NeetCode 150,neetcode-list,https://neetcode.io/practice/practice/neetcode150,95,1584,min-cost-to-connect-all-points,Min Cost to Connect All Points,Medium,,https://leetcode.com/problems/min-cost-to-connect-all-points/,Advanced Graphs,https://neetcode.io/problems/min-cost-to-connect-points/question?list=neetcode150,min-cost-to-connect-points,2026-05-25
neetcode-150,NeetCode 150,neetcode-list,https://neetcode.io/practice/practice/neetcode150,96,778,swim-in-rising-water,Swim In Rising Water,Hard,,https://leetcode.com/problems/swim-in-rising-water/,Advanced Graphs,https://neetcode.io/problems/swim-in-rising-water/question?list=neetcode150,swim-in-rising-water,2026-05-25
neetcode-150,NeetCode 150,neetcode-list,https://neetcode.io/practice/practice/neetcode150,97,269,alien-dictionary,Alien Dictionary,Hard,,https://leetcode.com/problems/alien-dictionary/,Advanced Graphs,https://neetcode.io/problems/foreign-dictionary/question?list=neetcode150,foreign-dictionary,2026-05-25
neetcode-150,NeetCode 150,neetcode-list,https://neetcode.io/practice/practice/neetcode150,98,787,cheapest-flights-within-k-stops,Cheapest Flights Within K Stops,Medium,,https://leetcode.com/problems/cheapest-flights-within-k-stops/,Advanced Graphs,https://neetcode.io/problems/cheapest-flight-path/question?list=neetcode150,cheapest-flight-path,2026-05-25
neetcode-150,NeetCode 150,neetcode-list,https://neetcode.io/practice/practice/neetcode150,99,70,climbing-stairs,Climbing Stairs,Easy,,https://leetcode.com/problems/climbing-stairs/,1-D Dynamic Programming,https://neetcode.io/problems/climbing-stairs/question?list=neetcode150,climbing-stairs,2026-05-25
neetcode-150,NeetCode 150,neetcode-list,https://neetcode.io/practice/practice/neetcode150,100,746,min-cost-climbing-stairs,Min Cost Climbing Stairs,Easy,,https://leetcode.com/problems/min-cost-climbing-stairs/,1-D Dynamic Programming,https://neetcode.io/problems/min-cost-climbing-stairs/question?list=neetcode150,min-cost-climbing-stairs,2026-05-25
neetcode-150,NeetCode 150,neetcode-list,https://neetcode.io/practice/practice/neetcode150,101,198,house-robber,House Robber,Medium,,https://leetcode.com/problems/house-robber/,1-D Dynamic Programming,https://neetcode.io/problems/house-robber/question?list=neetcode150,house-robber,2026-05-25
neetcode-150,NeetCode 150,neetcode-list,https://neetcode.io/practice/practice/neetcode150,102,213,house-robber-ii,House Robber II,Medium,,https://leetcode.com/problems/house-robber-ii/,1-D Dynamic Programming,https://neetcode.io/problems/house-robber-ii/question?list=neetcode150,house-robber-ii,2026-05-25
neetcode-150,NeetCode 150,neetcode-list,https://neetcode.io/practice/practice/neetcode150,103,5,longest-palindromic-substring,Longest Palindromic Substring,Medium,,https://leetcode.com/problems/longest-palindromic-substring/,1-D Dynamic Programming,https://neetcode.io/problems/longest-palindromic-substring/question?list=neetcode150,longest-palindromic-substring,2026-05-25
neetcode-150,NeetCode 150,neetcode-list,https://neetcode.io/practice/practice/neetcode150,104,647,palindromic-substrings,Palindromic Substrings,Medium,,https://leetcode.com/problems/palindromic-substrings/,1-D Dynamic Programming,https://neetcode.io/problems/palindromic-substrings/question?list=neetcode150,palindromic-substrings,2026-05-25
neetcode-150,NeetCode 150,neetcode-list,https://neetcode.io/practice/practice/neetcode150,105,91,decode-ways,Decode Ways,Medium,,https://leetcode.com/problems/decode-ways/,1-D Dynamic Programming,https://neetcode.io/problems/decode-ways/question?list=neetcode150,decode-ways,2026-05-25
neetcode-150,NeetCode 150,neetcode-list,https://neetcode.io/practice/practice/neetcode150,106,322,coin-change,Coin Change,Medium,,https://leetcode.com/problems/coin-change/,1-D Dynamic Programming,https://neetcode.io/problems/coin-change/question?list=neetcode150,coin-change,2026-05-25
neetcode-150,NeetCode 150,neetcode-list,https://neetcode.io/practice/practice/neetcode150,107,152,maximum-product-subarray,Maximum Product Subarray,Medium,,https://leetcode.com/problems/maximum-product-subarray/,1-D Dynamic Programming,https://neetcode.io/problems/maximum-product-subarray/question?list=neetcode150,maximum-product-subarray,2026-05-25
neetcode-150,NeetCode 150,neetcode-list,https://neetcode.io/practice/practice/neetcode150,108,139,word-break,Word Break,Medium,,https://leetcode.com/problems/word-break/,1-D Dynamic Programming,https://neetcode.io/problems/word-break/question?list=neetcode150,word-break,2026-05-25
neetcode-150,NeetCode 150,neetcode-list,https://neetcode.io/practice/practice/neetcode150,109,300,longest-increasing-subsequence,Longest Increasing Subsequence,Medium,,https://leetcode.com/problems/longest-increasing-subsequence/,1-D Dynamic Programming,https://neetcode.io/problems/longest-increasing-subsequence/question?list=neetcode150,longest-increasing-subsequence,2026-05-25
neetcode-150,NeetCode 150,neetcode-list,https://neetcode.io/practice/practice/neetcode150,110,416,partition-equal-subset-sum,Partition Equal Subset Sum,Medium,,https://leetcode.com/problems/partition-equal-subset-sum/,1-D Dynamic Programming,https://neetcode.io/problems/partition-equal-subset-sum/question?list=neetcode150,partition-equal-subset-sum,2026-05-25
neetcode-150,NeetCode 150,neetcode-list,https://neetcode.io/practice/practice/neetcode150,111,62,unique-paths,Unique Paths,Medium,,https://leetcode.com/problems/unique-paths/,2-D Dynamic Programming,https://neetcode.io/problems/count-paths/question?list=neetcode150,count-paths,2026-05-25
neetcode-150,NeetCode 150,neetcode-list,https://neetcode.io/practice/practice/neetcode150,112,1143,longest-common-subsequence,Longest Common Subsequence,Medium,,https://leetcode.com/problems/longest-common-subsequence/,2-D Dynamic Programming,https://neetcode.io/problems/longest-common-subsequence/question?list=neetcode150,longest-common-subsequence,2026-05-25
neetcode-150,NeetCode 150,neetcode-list,https://neetcode.io/practice/practice/neetcode150,113,309,best-time-to-buy-and-sell-stock-with-cooldown,Best Time to Buy And Sell Stock With Cooldown,Medium,,https://leetcode.com/problems/best-time-to-buy-and-sell-stock-with-cooldown/,2-D Dynamic Programming,https://neetcode.io/problems/buy-and-sell-crypto-with-cooldown/question?list=neetcode150,buy-and-sell-crypto-with-cooldown,2026-05-25
neetcode-150,NeetCode 150,neetcode-list,https://neetcode.io/practice/practice/neetcode150,114,518,coin-change-ii,Coin Change II,Medium,,https://leetcode.com/problems/coin-change-ii/,2-D Dynamic Programming,https://neetcode.io/problems/coin-change-ii/question?list=neetcode150,coin-change-ii,2026-05-25
neetcode-150,NeetCode 150,neetcode-list,https://neetcode.io/practice/practice/neetcode150,115,494,target-sum,Target Sum,Medium,,https://leetcode.com/problems/target-sum/,2-D Dynamic Programming,https://neetcode.io/problems/target-sum/question?list=neetcode150,target-sum,2026-05-25
neetcode-150,NeetCode 150,neetcode-list,https://neetcode.io/practice/practice/neetcode150,116,97,interleaving-string,Interleaving String,Medium,,https://leetcode.com/problems/interleaving-string/,2-D Dynamic Programming,https://neetcode.io/problems/interleaving-string/question?list=neetcode150,interleaving-string,2026-05-25
neetcode-150,NeetCode 150,neetcode-list,https://neetcode.io/practice/practice/neetcode150,117,329,longest-increasing-path-in-a-matrix,Longest Increasing Path In a Matrix,Hard,,https://leetcode.com/problems/longest-increasing-path-in-a-matrix/,2-D Dynamic Programming,https://neetcode.io/problems/longest-increasing-path-in-matrix/question?list=neetcode150,longest-increasing-path-in-matrix,2026-05-25
neetcode-150,NeetCode 150,neetcode-list,https://neetcode.io/practice/practice/neetcode150,118,115,distinct-subsequences,Distinct Subsequences,Hard,,https://leetcode.com/problems/distinct-subsequences/,2-D Dynamic Programming,https://neetcode.io/problems/count-subsequences/question?list=neetcode150,count-subsequences,2026-05-25
neetcode-150,NeetCode 150,neetcode-list,https://neetcode.io/practice/practice/neetcode150,119,72,edit-distance,Edit Distance,Medium,,https://leetcode.com/problems/edit-distance/,2-D Dynamic Programming,https://neetcode.io/problems/edit-distance/question?list=neetcode150,edit-distance,2026-05-25
neetcode-150,NeetCode 150,neetcode-list,https://neetcode.io/practice/practice/neetcode150,120,312,burst-balloons,Burst Balloons,Hard,,https://leetcode.com/problems/burst-balloons/,2-D Dynamic Programming,https://neetcode.io/problems/burst-balloons/question?list=neetcode150,burst-balloons,2026-05-25
neetcode-150,NeetCode 150,neetcode-list,https://neetcode.io/practice/practice/neetcode150,121,10,regular-expression-matching,Regular Expression Matching,Hard,,https://leetcode.com/problems/regular-expression-matching/,2-D Dynamic Programming,https://neetcode.io/problems/regular-expression-matching/question?list=neetcode150,regular-expression-matching,2026-05-25
neetcode-150,NeetCode 150,neetcode-list,https://neetcode.io/practice/practice/neetcode150,122,53,maximum-subarray,Maximum Subarray,Medium,,https://leetcode.com/problems/maximum-subarray/,Greedy,https://neetcode.io/problems/maximum-subarray/question?list=neetcode150,maximum-subarray,2026-05-25
neetcode-150,NeetCode 150,neetcode-list,https://neetcode.io/practice/practice/neetcode150,123,55,jump-game,Jump Game,Medium,,https://leetcode.com/problems/jump-game/,Greedy,https://neetcode.io/problems/jump-game/question?list=neetcode150,jump-game,2026-05-25
neetcode-150,NeetCode 150,neetcode-list,https://neetcode.io/practice/practice/neetcode150,124,45,jump-game-ii,Jump Game II,Medium,,https://leetcode.com/problems/jump-game-ii/,Greedy,https://neetcode.io/problems/jump-game-ii/question?list=neetcode150,jump-game-ii,2026-05-25
neetcode-150,NeetCode 150,neetcode-list,https://neetcode.io/practice/practice/neetcode150,125,134,gas-station,Gas Station,Medium,,https://leetcode.com/problems/gas-station/,Greedy,https://neetcode.io/problems/gas-station/question?list=neetcode150,gas-station,2026-05-25
neetcode-150,NeetCode 150,neetcode-list,https://neetcode.io/practice/practice/neetcode150,126,846,hand-of-straights,Hand of Straights,Medium,,https://leetcode.com/problems/hand-of-straights/,Greedy,https://neetcode.io/problems/hand-of-straights/question?list=neetcode150,hand-of-straights,2026-05-25
neetcode-150,NeetCode 150,neetcode-list,https://neetcode.io/practice/practice/neetcode150,127,1899,merge-triplets-to-form-target-triplet,Merge Triplets to Form Target Triplet,Medium,,https://leetcode.com/problems/merge-triplets-to-form-target-triplet/,Greedy,https://neetcode.io/problems/merge-triplets-to-form-target/question?list=neetcode150,merge-triplets-to-form-target,2026-05-25
neetcode-150,NeetCode 150,neetcode-list,https://neetcode.io/practice/practice/neetcode150,128,763,partition-labels,Partition Labels,Medium,,https://leetcode.com/problems/partition-labels/,Greedy,https://neetcode.io/problems/partition-labels/question?list=neetcode150,partition-labels,2026-05-25
neetcode-150,NeetCode 150,neetcode-list,https://neetcode.io/practice/practice/neetcode150,129,678,valid-parenthesis-string,Valid Parenthesis String,Medium,,https://leetcode.com/problems/valid-parenthesis-string/,Greedy,https://neetcode.io/problems/valid-parenthesis-string/question?list=neetcode150,valid-parenthesis-string,2026-05-25
neetcode-150,NeetCode 150,neetcode-list,https://neetcode.io/practice/practice/neetcode150,130,57,insert-interval,Insert Interval,Medium,,https://leetcode.com/problems/insert-interval/,Intervals,https://neetcode.io/problems/insert-new-interval/question?list=neetcode150,insert-new-interval,2026-05-25
neetcode-150,NeetCode 150,neetcode-list,https://neetcode.io/practice/practice/neetcode150,131,56,merge-intervals,Merge Intervals,Medium,,https://leetcode.com/problems/merge-intervals/,Intervals,https://neetcode.io/problems/merge-intervals/question?list=neetcode150,merge-intervals,2026-05-25
neetcode-150,NeetCode 150,neetcode-list,https://neetcode.io/practice/practice/neetcode150,132,435,non-overlapping-intervals,Non Overlapping Intervals,Medium,,https://leetcode.com/problems/non-overlapping-intervals/,Intervals,https://neetcode.io/problems/non-overlapping-intervals/question?list=neetcode150,non-overlapping-intervals,2026-05-25
neetcode-150,NeetCode 150,neetcode-list,https://neetcode.io/practice/practice/neetcode150,133,252,meeting-rooms,Meeting Rooms,Easy,,https://leetcode.com/problems/meeting-rooms/,Intervals,https://neetcode.io/problems/meeting-schedule/question?list=neetcode150,meeting-schedule,2026-05-25
neetcode-150,NeetCode 150,neetcode-list,https://neetcode.io/practice/practice/neetcode150,134,253,meeting-rooms-ii,Meeting Rooms II,Medium,,https://leetcode.com/problems/meeting-rooms-ii/,Intervals,https://neetcode.io/problems/meeting-schedule-ii/question?list=neetcode150,meeting-schedule-ii,2026-05-25
neetcode-150,NeetCode 150,neetcode-list,https://neetcode.io/practice/practice/neetcode150,135,1851,minimum-interval-to-include-each-query,Minimum Interval to Include Each Query,Hard,,https://leetcode.com/problems/minimum-interval-to-include-each-query/,Intervals,https://neetcode.io/problems/minimum-interval-including-query/question?list=neetcode150,minimum-interval-including-query,2026-05-25
neetcode-150,NeetCode 150,neetcode-list,https://neetcode.io/practice/practice/neetcode150,136,48,rotate-image,Rotate Image,Medium,,https://leetcode.com/problems/rotate-image/,Math & Geometry,https://neetcode.io/problems/rotate-matrix/question?list=neetcode150,rotate-matrix,2026-05-25
neetcode-150,NeetCode 150,neetcode-list,https://neetcode.io/practice/practice/neetcode150,137,54,spiral-matrix,Spiral Matrix,Medium,,https://leetcode.com/problems/spiral-matrix/,Math & Geometry,https://neetcode.io/problems/spiral-matrix/question?list=neetcode150,spiral-matrix,2026-05-25
neetcode-150,NeetCode 150,neetcode-list,https://neetcode.io/practice/practice/neetcode150,138,73,set-matrix-zeroes,Set Matrix Zeroes,Medium,,https://leetcode.com/problems/set-matrix-zeroes/,Math & Geometry,https://neetcode.io/problems/set-zeroes-in-matrix/question?list=neetcode150,set-zeroes-in-matrix,2026-05-25
neetcode-150,NeetCode 150,neetcode-list,https://neetcode.io/practice/practice/neetcode150,139,202,happy-number,Happy Number,Easy,,https://leetcode.com/problems/happy-number/,Math & Geometry,https://neetcode.io/problems/non-cyclical-number/question?list=neetcode150,non-cyclical-number,2026-05-25
neetcode-150,NeetCode 150,neetcode-list,https://neetcode.io/practice/practice/neetcode150,140,66,plus-one,Plus One,Easy,,https://leetcode.com/problems/plus-one/,Math & Geometry,https://neetcode.io/problems/plus-one/question?list=neetcode150,plus-one,2026-05-25
neetcode-150,NeetCode 150,neetcode-list,https://neetcode.io/practice/practice/neetcode150,141,50,powx-n,"Pow(x, n)",Medium,,https://leetcode.com/problems/powx-n/,Math & Geometry,https://neetcode.io/problems/pow-x-n/question?list=neetcode150,pow-x-n,2026-05-25
neetcode-150,NeetCode 150,neetcode-list,https://neetcode.io/practice/practice/neetcode150,142,43,multiply-strings,Multiply Strings,Medium,,https://leetcode.com/problems/multiply-strings/,Math & Geometry,https://neetcode.io/problems/multiply-strings/question?list=neetcode150,multiply-strings,2026-05-25
neetcode-150,NeetCode 150,neetcode-list,https://neetcode.io/practice/practice/neetcode150,143,2013,detect-squares,Detect Squares,Medium,,https://leetcode.com/problems/detect-squares/,Math & Geometry,https://neetcode.io/problems/count-squares/question?list=neetcode150,count-squares,2026-05-25
neetcode-150,NeetCode 150,neetcode-list,https://neetcode.io/practice/practice/neetcode150,144,136,single-number,Single Number,Easy,,https://leetcode.com/problems/single-number/,Bit Manipulation,https://neetcode.io/problems/single-number/question?list=neetcode150,single-number,2026-05-25
neetcode-150,NeetCode 150,neetcode-list,https://neetcode.io/practice/practice/neetcode150,145,191,number-of-1-bits,Number of 1 Bits,Easy,,https://leetcode.com/problems/number-of-1-bits/,Bit Manipulation,https://neetcode.io/problems/number-of-one-bits/question?list=neetcode150,number-of-one-bits,2026-05-25
neetcode-150,NeetCode 150,neetcode-list,https://neetcode.io/practice/practice/neetcode150,146,338,counting-bits,Counting Bits,Easy,,https://leetcode.com/problems/counting-bits/,Bit Manipulation,https://neetcode.io/problems/counting-bits/question?list=neetcode150,counting-bits,2026-05-25
neetcode-150,NeetCode 150,neetcode-list,https://neetcode.io/practice/practice/neetcode150,147,190,reverse-bits,Reverse Bits,Easy,,https://leetcode.com/problems/reverse-bits/,Bit Manipulation,https://neetcode.io/problems/reverse-bits/question?list=neetcode150,reverse-bits,2026-05-25
neetcode-150,NeetCode 150,neetcode-list,https://neetcode.io/practice/practice/neetcode150,148,268,missing-number,Missing Number,Easy,,https://leetcode.com/problems/missing-number/,Bit Manipulation,https://neetcode.io/problems/missing-number/question?list=neetcode150,missing-number,2026-05-25
neetcode-150,NeetCode 150,neetcode-list,https://neetcode.io/practice/practice/neetcode150,149,371,sum-of-two-integers,Sum of Two Integers,Medium,,https://leetcode.com/problems/sum-of-two-integers/,Bit Manipulation,https://neetcode.io/problems/sum-of-two-integers/question?list=neetcode150,sum-of-two-integers,2026-05-25
neetcode-150,NeetCode 150,neetcode-list,https://neetcode.io/practice/practice/neetcode150,150,7,reverse-integer,Reverse Integer,Medium,,https://leetcode.com/problems/reverse-integer/,Bit Manipulation,https://neetcode.io/problems/reverse-integer/question?list=neetcode150,reverse-integer,2026-05-25
