problem_id,slug,title,difficulty,acceptance,problem_url,source_keys,source_count,concepts,imported_at
1,two-sum,Two Sum,Easy,57.5%,https://leetcode.com/problems/two-sum/,blind-curated-75;google-thirty-days;meta-thirty-days;classic-3-topics-array-string;neetcode-150,5,Arrays & Hashing,2026-05-25
2,add-two-numbers,Add Two Numbers,Medium,48.4%,https://leetcode.com/problems/add-two-numbers/,google-thirty-days;neetcode-150,2,Linked List,2026-05-25
3,longest-substring-without-repeating-characters,Longest Substring Without Repeating Characters,Medium,39.0%,https://leetcode.com/problems/longest-substring-without-repeating-characters/,blind-curated-75;coding-plan-deep-work;google-thirty-days;classic-3-topics-array-string;neetcode-150,5,Sliding Window,2026-05-25
4,median-of-two-sorted-arrays,Median of Two Sorted Arrays,Hard,46.5%,https://leetcode.com/problems/median-of-two-sorted-arrays/,coding-plan-deep-work;google-thirty-days;neetcode-150,3,Binary Search,2026-05-25
5,longest-palindromic-substring,Longest Palindromic Substring,Medium,37.8%,https://leetcode.com/problems/longest-palindromic-substring/,blind-curated-75;coding-plan-deep-work;google-thirty-days;neetcode-150,4,1-D Dynamic Programming,2026-05-25
7,reverse-integer,Reverse Integer,Medium,31.9%,https://leetcode.com/problems/reverse-integer/,google-thirty-days;neetcode-150,2,Bit Manipulation,2026-05-25
9,palindrome-number,Palindrome Number,Easy,60.5%,https://leetcode.com/problems/palindrome-number/,google-thirty-days,1,,2026-05-17
10,regular-expression-matching,Regular Expression Matching,Hard,,https://leetcode.com/problems/regular-expression-matching/,coding-plan-deep-work;neetcode-150,2,2-D Dynamic Programming,2026-05-25
11,container-with-most-water,Container With Most Water,Medium,60.0%,https://leetcode.com/problems/container-with-most-water/,blind-curated-75;google-thirty-days;classic-3-topics-array-string;neetcode-150,4,Two Pointers,2026-05-25
12,integer-to-roman,Integer to Roman,Medium,71.0%,https://leetcode.com/problems/integer-to-roman/,google-thirty-days,1,,2026-05-17
13,roman-to-integer,Roman to Integer,Easy,66.6%,https://leetcode.com/problems/roman-to-integer/,google-thirty-days,1,,2026-05-17
15,3sum,3Sum,Medium,39.1%,https://leetcode.com/problems/3sum/,blind-curated-75;google-thirty-days;classic-3-topics-array-string;neetcode-150,4,Two Pointers,2026-05-25
17,letter-combinations-of-a-phone-number,Letter Combinations of a Phone Number,Medium,,https://leetcode.com/problems/letter-combinations-of-a-phone-number/,coding-plan-deep-work;neetcode-150,2,Backtracking,2026-05-25
18,4sum,4Sum,Medium,40.6%,https://leetcode.com/problems/4sum/,meta-thirty-days,1,,2026-05-17
19,remove-nth-node-from-end-of-list,Remove Nth Node From End of List,Medium,51.6%,https://leetcode.com/problems/remove-nth-node-from-end-of-list/,blind-curated-75;neetcode-150,2,Linked List,2026-05-25
20,valid-parentheses,Valid Parentheses,Easy,44.2%,https://leetcode.com/problems/valid-parentheses/,blind-curated-75;google-thirty-days;meta-thirty-days;neetcode-150,4,Stack,2026-05-25
21,merge-two-sorted-lists,Merge Two Sorted Lists,Easy,68.3%,https://leetcode.com/problems/merge-two-sorted-lists/,blind-curated-75;google-thirty-days;neetcode-150,3,Linked List,2026-05-25
22,generate-parentheses,Generate Parentheses,Medium,78.6%,https://leetcode.com/problems/generate-parentheses/,coding-plan-deep-work;google-thirty-days;neetcode-150,3,Backtracking,2026-05-25
23,merge-k-sorted-lists,Merge k Sorted Lists,Hard,59.5%,https://leetcode.com/problems/merge-k-sorted-lists/,blind-curated-75;coding-plan-deep-work;meta-thirty-days;neetcode-150,4,Linked List,2026-05-25
25,reverse-nodes-in-k-group,Reverse Nodes In K Group,Hard,,https://leetcode.com/problems/reverse-nodes-in-k-group/,neetcode-150,1,Linked List,2026-05-25
26,remove-duplicates-from-sorted-array,Remove Duplicates from Sorted Array,Easy,62.8%,https://leetcode.com/problems/remove-duplicates-from-sorted-array/,google-thirty-days,1,,2026-05-17
27,remove-element,Remove Element,Easy,61.8%,https://leetcode.com/problems/remove-element/,google-thirty-days;meta-thirty-days,2,,2026-05-17
29,divide-two-integers,Divide Two Integers,Medium,19.8%,https://leetcode.com/problems/divide-two-integers/,google-thirty-days,1,,2026-05-17
30,substring-with-concatenation-of-all-words,Substring with Concatenation of All Words,Hard,,https://leetcode.com/problems/substring-with-concatenation-of-all-words/,coding-plan-deep-work,1,,2026-05-17
31,next-permutation,Next Permutation,Medium,45.2%,https://leetcode.com/problems/next-permutation/,google-thirty-days,1,,2026-05-17
33,search-in-rotated-sorted-array,Search in Rotated Sorted Array,Medium,44.5%,https://leetcode.com/problems/search-in-rotated-sorted-array/,blind-curated-75;coding-plan-deep-work;google-thirty-days;licc-bonus-binary-search;classic-3-topics-array-string;neetcode-150,6,Binary Search,2026-05-25
34,find-first-and-last-position-of-element-in-sorted-array,Find First and Last Position of Element in Sorted Array,Medium,48.9%,https://leetcode.com/problems/find-first-and-last-position-of-element-in-sorted-array/,coding-plan-deep-work;meta-thirty-days,2,,2026-05-17
36,valid-sudoku,Valid Sudoku,Medium,,https://leetcode.com/problems/valid-sudoku/,neetcode-150,1,Arrays & Hashing,2026-05-25
37,sudoku-solver,Sudoku Solver,Hard,,https://leetcode.com/problems/sudoku-solver/,coding-plan-deep-work,1,,2026-05-17
39,combination-sum,Combination Sum,Medium,76.5%,https://leetcode.com/problems/combination-sum/,blind-curated-75;coding-plan-deep-work;neetcode-150,3,Backtracking,2026-05-25
40,combination-sum-ii,Combination Sum II,Medium,59.4%,https://leetcode.com/problems/combination-sum-ii/,coding-plan-deep-work;licc-bonus-backtracking;neetcode-150,3,Backtracking,2026-05-25
42,trapping-rain-water,Trapping Rain Water,Hard,67.3%,https://leetcode.com/problems/trapping-rain-water/,coding-plan-deep-work;google-thirty-days;neetcode-150,3,Two Pointers,2026-05-25
43,multiply-strings,Multiply Strings,Medium,,https://leetcode.com/problems/multiply-strings/,neetcode-150,1,Math & Geometry,2026-05-25
45,jump-game-ii,Jump Game II,Medium,42.8%,https://leetcode.com/problems/jump-game-ii/,coding-plan-deep-work;google-thirty-days;neetcode-150,3,Greedy,2026-05-25
46,permutations,Permutations,Medium,81.9%,https://leetcode.com/problems/permutations/,coding-plan-deep-work;google-thirty-days;neetcode-150,3,Backtracking,2026-05-25
47,permutations-ii,Permutations II,Medium,63.4%,https://leetcode.com/problems/permutations-ii/,coding-plan-deep-work;licc-bonus-backtracking,2,,2026-05-17
48,rotate-image,Rotate Image,Medium,80.1%,https://leetcode.com/problems/rotate-image/,blind-curated-75;google-thirty-days;neetcode-150,3,Math & Geometry,2026-05-25
49,group-anagrams,Group Anagrams,Medium,72.6%,https://leetcode.com/problems/group-anagrams/,blind-curated-75;classic-3-topics-array-string;neetcode-150,3,Arrays & Hashing,2026-05-25
50,powx-n,"Pow(x, n)",Medium,,https://leetcode.com/problems/powx-n/,neetcode-150,1,Math & Geometry,2026-05-25
51,n-queens,N-Queens,Hard,,https://leetcode.com/problems/n-queens/,coding-plan-deep-work;neetcode-150,2,Backtracking,2026-05-25
53,maximum-subarray,Maximum Subarray,Medium,53.3%,https://leetcode.com/problems/maximum-subarray/,blind-curated-75;coding-plan-deep-work;google-thirty-days;classic-3-topics-array-string;neetcode-150,5,Greedy,2026-05-25
54,spiral-matrix,Spiral Matrix,Medium,56.8%,https://leetcode.com/problems/spiral-matrix/,blind-curated-75;google-thirty-days;neetcode-150,3,Math & Geometry,2026-05-25
55,jump-game,Jump Game,Medium,40.9%,https://leetcode.com/problems/jump-game/,blind-curated-75;google-thirty-days;neetcode-150,3,Greedy,2026-05-25
56,merge-intervals,Merge Intervals,Medium,51.8%,https://leetcode.com/problems/merge-intervals/,blind-curated-75;coding-plan-deep-work;google-thirty-days;classic-3-topics-array-string;neetcode-150,5,Intervals,2026-05-25
57,insert-interval,Insert Interval,Medium,45.2%,https://leetcode.com/problems/insert-interval/,blind-curated-75;coding-plan-deep-work;google-thirty-days;classic-3-topics-array-string;neetcode-150,5,Intervals,2026-05-25
61,rotate-list,Rotate List,Medium,42.6%,https://leetcode.com/problems/rotate-list/,google-thirty-days,1,,2026-05-17
62,unique-paths,Unique Paths,Medium,66.8%,https://leetcode.com/problems/unique-paths/,blind-curated-75;coding-plan-deep-work;classic-3-topics-dp;neetcode-150,4,2-D Dynamic Programming,2026-05-25
65,valid-number,Valid Number,Hard,23.0%,https://leetcode.com/problems/valid-number/,meta-thirty-days,1,,2026-05-17
66,plus-one,Plus One,Easy,,https://leetcode.com/problems/plus-one/,neetcode-150,1,Math & Geometry,2026-05-25
67,add-binary,Add Binary,Easy,58.0%,https://leetcode.com/problems/add-binary/,google-thirty-days,1,,2026-05-17
68,text-justification,Text Justification,Hard,51.1%,https://leetcode.com/problems/text-justification/,google-thirty-days;classic-3-topics-array-string,2,,2026-05-17
70,climbing-stairs,Climbing Stairs,Easy,54.1%,https://leetcode.com/problems/climbing-stairs/,blind-curated-75;google-thirty-days;classic-3-topics-dp;neetcode-150,4,1-D Dynamic Programming,2026-05-25
72,edit-distance,Edit Distance,Medium,,https://leetcode.com/problems/edit-distance/,coding-plan-deep-work;classic-3-topics-dp;neetcode-150,3,2-D Dynamic Programming,2026-05-25
73,set-matrix-zeroes,Set Matrix Zeroes,Medium,62.9%,https://leetcode.com/problems/set-matrix-zeroes/,blind-curated-75;meta-thirty-days;neetcode-150,3,Math & Geometry,2026-05-25
74,search-a-2d-matrix,Search a 2D Matrix,Medium,,https://leetcode.com/problems/search-a-2d-matrix/,neetcode-150,1,Binary Search,2026-05-25
76,minimum-window-substring,Minimum Window Substring,Hard,47.5%,https://leetcode.com/problems/minimum-window-substring/,blind-curated-75;coding-plan-deep-work;classic-3-topics-array-string;neetcode-150,4,Sliding Window,2026-05-25
78,subsets,Subsets,Medium,,https://leetcode.com/problems/subsets/,coding-plan-deep-work;neetcode-150,2,Backtracking,2026-05-25
79,word-search,Word Search,Medium,47.3%,https://leetcode.com/problems/word-search/,blind-curated-75;coding-plan-deep-work;google-thirty-days;neetcode-150,4,Backtracking,2026-05-25
81,search-in-rotated-sorted-array-ii,Search in Rotated Sorted Array II,Medium,,https://leetcode.com/problems/search-in-rotated-sorted-array-ii/,coding-plan-deep-work,1,,2026-05-17
82,remove-duplicates-from-sorted-list-ii,Remove Duplicates from Sorted List II,Medium,51.8%,https://leetcode.com/problems/remove-duplicates-from-sorted-list-ii/,meta-thirty-days,1,,2026-05-17
84,largest-rectangle-in-histogram,Largest Rectangle in Histogram,Hard,,https://leetcode.com/problems/largest-rectangle-in-histogram/,coding-plan-deep-work;neetcode-150,2,Stack,2026-05-25
85,maximal-rectangle,Maximal Rectangle,Hard,,https://leetcode.com/problems/maximal-rectangle/,coding-plan-deep-work;classic-3-topics-dp,2,,2026-05-17
88,merge-sorted-array,Merge Sorted Array,Easy,54.8%,https://leetcode.com/problems/merge-sorted-array/,google-thirty-days,1,,2026-05-17
90,subsets-ii,Subsets II,Medium,,https://leetcode.com/problems/subsets-ii/,neetcode-150,1,Backtracking,2026-05-25
91,decode-ways,Decode Ways,Medium,38.0%,https://leetcode.com/problems/decode-ways/,blind-curated-75;coding-plan-deep-work;classic-3-topics-dp;neetcode-150,4,1-D Dynamic Programming,2026-05-25
93,restore-ip-addresses,Restore IP Addresses,Medium,56.0%,https://leetcode.com/problems/restore-ip-addresses/,coding-plan-deep-work;licc-bonus-backtracking,2,,2026-05-17
97,interleaving-string,Interleaving String,Medium,,https://leetcode.com/problems/interleaving-string/,coding-plan-deep-work;neetcode-150,2,2-D Dynamic Programming,2026-05-25
98,validate-binary-search-tree,Validate Binary Search Tree,Medium,35.7%,https://leetcode.com/problems/validate-binary-search-tree/,blind-curated-75;coding-plan-deep-work;neetcode-150,3,Trees,2026-05-25
100,same-tree,Same Tree,Easy,67.1%,https://leetcode.com/problems/same-tree/,blind-curated-75;google-thirty-days;neetcode-150,3,Trees,2026-05-25
102,binary-tree-level-order-traversal,Binary Tree Level Order Traversal,Medium,72.7%,https://leetcode.com/problems/binary-tree-level-order-traversal/,blind-curated-75;neetcode-150,2,Trees,2026-05-25
104,maximum-depth-of-binary-tree,Maximum Depth of Binary Tree,Easy,78.2%,https://leetcode.com/problems/maximum-depth-of-binary-tree/,blind-curated-75;neetcode-150,2,Trees,2026-05-25
105,construct-binary-tree-from-preorder-and-inorder-traversal,Construct Binary Tree from Preorder and Inorder Traversal,Medium,68.8%,https://leetcode.com/problems/construct-binary-tree-from-preorder-and-inorder-traversal/,blind-curated-75;coding-plan-deep-work;google-thirty-days;neetcode-150,4,Trees,2026-05-25
109,convert-sorted-list-to-binary-search-tree,Convert Sorted List to Binary Search Tree,Medium,66.6%,https://leetcode.com/problems/convert-sorted-list-to-binary-search-tree/,google-thirty-days,1,,2026-05-17
110,balanced-binary-tree,Balanced Binary Tree,Easy,,https://leetcode.com/problems/balanced-binary-tree/,neetcode-150,1,Trees,2026-05-25
113,path-sum-ii,Path Sum II,Medium,,https://leetcode.com/problems/path-sum-ii/,coding-plan-deep-work,1,,2026-05-17
115,distinct-subsequences,Distinct Subsequences,Hard,,https://leetcode.com/problems/distinct-subsequences/,neetcode-150,1,2-D Dynamic Programming,2026-05-25
118,pascals-triangle,Pascal's Triangle,Easy,78.9%,https://leetcode.com/problems/pascals-triangle/,google-thirty-days;licc-bonus-dp,2,,2026-05-17
121,best-time-to-buy-and-sell-stock,Best Time to Buy and Sell Stock,Easy,56.8%,https://leetcode.com/problems/best-time-to-buy-and-sell-stock/,blind-curated-75;google-thirty-days;classic-3-topics-array-string;neetcode-150,4,Sliding Window,2026-05-25
124,binary-tree-maximum-path-sum,Binary Tree Maximum Path Sum,Hard,42.3%,https://leetcode.com/problems/binary-tree-maximum-path-sum/,blind-curated-75;coding-plan-deep-work;classic-3-topics-graph-tree;neetcode-150,4,Trees,2026-05-25
125,valid-palindrome,Valid Palindrome,Easy,53.3%,https://leetcode.com/problems/valid-palindrome/,blind-curated-75;neetcode-150,2,Two Pointers,2026-05-25
126,word-ladder-ii,Word Ladder II,Hard,27.7%,https://leetcode.com/problems/word-ladder-ii/,coding-plan-deep-work;google-thirty-days,2,,2026-05-17
127,word-ladder,Word Ladder,Hard,,https://leetcode.com/problems/word-ladder/,coding-plan-deep-work;classic-3-topics-graph-tree;neetcode-150,3,Graphs,2026-05-25
128,longest-consecutive-sequence,Longest Consecutive Sequence,Medium,47.1%,https://leetcode.com/problems/longest-consecutive-sequence/,blind-curated-75;google-thirty-days;neetcode-150,3,Arrays & Hashing,2026-05-25
129,sum-root-to-leaf-numbers,Sum Root to Leaf Numbers,Medium,,https://leetcode.com/problems/sum-root-to-leaf-numbers/,coding-plan-deep-work,1,,2026-05-17
130,surrounded-regions,Surrounded Regions,Medium,,https://leetcode.com/problems/surrounded-regions/,coding-plan-deep-work;neetcode-150,2,Graphs,2026-05-25
131,palindrome-partitioning,Palindrome Partitioning,Medium,74.0%,https://leetcode.com/problems/palindrome-partitioning/,coding-plan-deep-work;licc-bonus-backtracking;neetcode-150,3,Backtracking,2026-05-25
133,clone-graph,Clone Graph,Medium,65.3%,https://leetcode.com/problems/clone-graph/,blind-curated-75;coding-plan-deep-work;meta-thirty-days;classic-3-topics-graph-tree;neetcode-150,5,Graphs,2026-05-25
134,gas-station,Gas Station,Medium,,https://leetcode.com/problems/gas-station/,coding-plan-deep-work;neetcode-150,2,Greedy,2026-05-25
135,candy,Candy,Hard,,https://leetcode.com/problems/candy/,coding-plan-deep-work,1,,2026-05-17
136,single-number,Single Number,Easy,,https://leetcode.com/problems/single-number/,neetcode-150,1,Bit Manipulation,2026-05-25
138,copy-list-with-random-pointer,Copy List with Random Pointer,Medium,,https://leetcode.com/problems/copy-list-with-random-pointer/,coding-plan-deep-work;neetcode-150,2,Linked List,2026-05-25
139,word-break,Word Break,Medium,49.4%,https://leetcode.com/problems/word-break/,blind-curated-75;coding-plan-deep-work;licc-bonus-dp;classic-3-topics-dp;neetcode-150,5,1-D Dynamic Programming,2026-05-25
140,word-break-ii,Word Break II,Hard,,https://leetcode.com/problems/word-break-ii/,coding-plan-deep-work,1,,2026-05-17
141,linked-list-cycle,Linked List Cycle,Easy,54.3%,https://leetcode.com/problems/linked-list-cycle/,blind-curated-75;neetcode-150,2,Linked List,2026-05-25
143,reorder-list,Reorder List,Medium,65.2%,https://leetcode.com/problems/reorder-list/,blind-curated-75;neetcode-150,2,Linked List,2026-05-25
146,lru-cache,LRU Cache,Medium,47.3%,https://leetcode.com/problems/lru-cache/,coding-plan-deep-work;google-thirty-days;neetcode-150,3,Linked List,2026-05-25
150,evaluate-reverse-polish-notation,Evaluate Reverse Polish Notation,Medium,,https://leetcode.com/problems/evaluate-reverse-polish-notation/,neetcode-150,1,Stack,2026-05-25
152,maximum-product-subarray,Maximum Product Subarray,Medium,36.4%,https://leetcode.com/problems/maximum-product-subarray/,blind-curated-75;coding-plan-deep-work;neetcode-150,3,1-D Dynamic Programming,2026-05-25
153,find-minimum-in-rotated-sorted-array,Find Minimum in Rotated Sorted Array,Medium,54.7%,https://leetcode.com/problems/find-minimum-in-rotated-sorted-array/,blind-curated-75;coding-plan-deep-work;neetcode-150,3,Binary Search,2026-05-25
155,min-stack,Min Stack,Medium,58.1%,https://leetcode.com/problems/min-stack/,licc-bonus-stacks-and-queues;neetcode-150,2,Stack,2026-05-25
162,find-peak-element,Find Peak Element,Medium,,https://leetcode.com/problems/find-peak-element/,coding-plan-deep-work,1,,2026-05-17
167,two-sum-ii-input-array-is-sorted,Two Sum II - Input Array Is Sorted,Medium,65.0%,https://leetcode.com/problems/two-sum-ii-input-array-is-sorted/,google-thirty-days;neetcode-150,2,Two Pointers,2026-05-25
168,excel-sheet-column-title,Excel Sheet Column Title,Easy,46.5%,https://leetcode.com/problems/excel-sheet-column-title/,google-thirty-days,1,,2026-05-17
175,combine-two-tables,Combine Two Tables,Easy,79.5%,https://leetcode.com/problems/combine-two-tables/,google-thirty-days,1,,2026-05-17
176,second-highest-salary,Second Highest Salary,Medium,47.0%,https://leetcode.com/problems/second-highest-salary/,google-thirty-days,1,,2026-05-17
179,largest-number,Largest Number,Medium,43.0%,https://leetcode.com/problems/largest-number/,google-thirty-days,1,,2026-05-17
189,rotate-array,Rotate Array,Medium,44.9%,https://leetcode.com/problems/rotate-array/,google-thirty-days,1,,2026-05-17
190,reverse-bits,Reverse Bits,Easy,68.4%,https://leetcode.com/problems/reverse-bits/,blind-curated-75;google-thirty-days;neetcode-150,3,Bit Manipulation,2026-05-25
191,number-of-1-bits,Number of 1 Bits,Easy,76.8%,https://leetcode.com/problems/number-of-1-bits/,blind-curated-75;google-thirty-days;neetcode-150,3,Bit Manipulation,2026-05-25
197,rising-temperature,Rising Temperature,Easy,51.3%,https://leetcode.com/problems/rising-temperature/,google-thirty-days,1,,2026-05-17
198,house-robber,House Robber,Medium,53.2%,https://leetcode.com/problems/house-robber/,blind-curated-75;coding-plan-deep-work;google-thirty-days;classic-3-topics-dp;neetcode-150,5,1-D Dynamic Programming,2026-05-25
199,binary-tree-right-side-view,Binary Tree Right Side View,Medium,,https://leetcode.com/problems/binary-tree-right-side-view/,coding-plan-deep-work;neetcode-150,2,Trees,2026-05-25
200,number-of-islands,Number of Islands,Medium,64.4%,https://leetcode.com/problems/number-of-islands/,blind-curated-75;coding-plan-deep-work;meta-thirty-days;classic-3-topics-graph-tree;neetcode-150,5,Graphs,2026-05-25
202,happy-number,Happy Number,Easy,59.6%,https://leetcode.com/problems/happy-number/,google-thirty-days;neetcode-150,2,Math & Geometry,2026-05-25
204,count-primes,Count Primes,Medium,36.0%,https://leetcode.com/problems/count-primes/,google-thirty-days,1,,2026-05-17
205,isomorphic-strings,Isomorphic Strings,Easy,48.4%,https://leetcode.com/problems/isomorphic-strings/,licc-bonus-hashing,1,,2026-05-17
206,reverse-linked-list,Reverse Linked List,Easy,80.5%,https://leetcode.com/problems/reverse-linked-list/,blind-curated-75;neetcode-150,2,Linked List,2026-05-25
207,course-schedule,Course Schedule,Medium,51.4%,https://leetcode.com/problems/course-schedule/,blind-curated-75;coding-plan-deep-work;classic-3-topics-graph-tree;neetcode-150,4,Graphs,2026-05-25
208,implement-trie-prefix-tree,Implement Trie (Prefix Tree),Medium,69.5%,https://leetcode.com/problems/implement-trie-prefix-tree/,blind-curated-75;coding-plan-deep-work;neetcode-150,3,Tries,2026-05-25
209,minimum-size-subarray-sum,Minimum Size Subarray Sum,Medium,51.6%,https://leetcode.com/problems/minimum-size-subarray-sum/,coding-plan-deep-work;licc-bonus-arrays-and-strings,2,,2026-05-17
210,course-schedule-ii,Course Schedule II,Medium,,https://leetcode.com/problems/course-schedule-ii/,coding-plan-deep-work;classic-3-topics-graph-tree;neetcode-150,3,Graphs,2026-05-25
211,design-add-and-search-words-data-structure,Design Add and Search Words Data Structure,Medium,48.5%,https://leetcode.com/problems/design-add-and-search-words-data-structure/,blind-curated-75;coding-plan-deep-work;neetcode-150,3,Tries,2026-05-25
212,word-search-ii,Word Search II,Hard,38.4%,https://leetcode.com/problems/word-search-ii/,blind-curated-75;coding-plan-deep-work;neetcode-150,3,Tries,2026-05-25
213,house-robber-ii,House Robber II,Medium,44.9%,https://leetcode.com/problems/house-robber-ii/,blind-curated-75;google-thirty-days;licc-bonus-dp;classic-3-topics-dp;neetcode-150,5,1-D Dynamic Programming,2026-05-25
215,kth-largest-element-in-an-array,Kth Largest Element in an Array,Medium,68.9%,https://leetcode.com/problems/kth-largest-element-in-an-array/,coding-plan-deep-work;google-thirty-days;neetcode-150,3,Heap / Priority Queue,2026-05-25
217,contains-duplicate,Contains Duplicate,Easy,64.3%,https://leetcode.com/problems/contains-duplicate/,blind-curated-75;google-thirty-days;licc-bonus-hashing;neetcode-150,4,Arrays & Hashing,2026-05-25
221,maximal-square,Maximal Square,Medium,50.3%,https://leetcode.com/problems/maximal-square/,licc-bonus-dp,1,,2026-05-17
222,count-complete-tree-nodes,Count Complete Tree Nodes,Easy,,https://leetcode.com/problems/count-complete-tree-nodes/,coding-plan-deep-work,1,,2026-05-17
224,basic-calculator,Basic Calculator,Hard,,https://leetcode.com/problems/basic-calculator/,coding-plan-deep-work,1,,2026-05-17
225,implement-stack-using-queues,Implement Stack using Queues,Easy,69.9%,https://leetcode.com/problems/implement-stack-using-queues/,licc-bonus-stacks-and-queues,1,,2026-05-17
226,invert-binary-tree,Invert Binary Tree,Easy,80.1%,https://leetcode.com/problems/invert-binary-tree/,blind-curated-75;google-thirty-days;neetcode-150,3,Trees,2026-05-25
230,kth-smallest-element-in-a-bst,Kth Smallest Element in a BST,Medium,76.8%,https://leetcode.com/problems/kth-smallest-element-in-a-bst/,blind-curated-75;coding-plan-deep-work;neetcode-150,3,Trees,2026-05-25
231,power-of-two,Power of Two,Easy,50.1%,https://leetcode.com/problems/power-of-two/,google-thirty-days,1,,2026-05-17
232,implement-queue-using-stacks,Implement Queue using Stacks,Easy,69.8%,https://leetcode.com/problems/implement-queue-using-stacks/,licc-bonus-stacks-and-queues,1,,2026-05-17
235,lowest-common-ancestor-of-a-binary-search-tree,Lowest Common Ancestor of a Binary Search Tree,Medium,70.6%,https://leetcode.com/problems/lowest-common-ancestor-of-a-binary-search-tree/,blind-curated-75;neetcode-150,2,Trees,2026-05-25
236,lowest-common-ancestor-of-a-binary-tree,Lowest Common Ancestor of a Binary Tree,Medium,69.3%,https://leetcode.com/problems/lowest-common-ancestor-of-a-binary-tree/,coding-plan-deep-work;meta-thirty-days;classic-3-topics-graph-tree,3,,2026-05-17
238,product-of-array-except-self,Product of Array Except Self,Medium,68.9%,https://leetcode.com/problems/product-of-array-except-self/,blind-curated-75;google-thirty-days;meta-thirty-days;classic-3-topics-array-string;neetcode-150,5,Arrays & Hashing,2026-05-25
239,sliding-window-maximum,Sliding Window Maximum,Hard,,https://leetcode.com/problems/sliding-window-maximum/,coding-plan-deep-work;classic-3-topics-array-string;neetcode-150,3,Sliding Window,2026-05-25
240,search-a-2d-matrix-ii,Search a 2D Matrix II,Medium,,https://leetcode.com/problems/search-a-2d-matrix-ii/,coding-plan-deep-work,1,,2026-05-17
242,valid-anagram,Valid Anagram,Easy,68.1%,https://leetcode.com/problems/valid-anagram/,blind-curated-75;neetcode-150,2,Arrays & Hashing,2026-05-25
252,meeting-rooms,Meeting Rooms,Easy,59.4%,https://leetcode.com/problems/meeting-rooms/,blind-curated-75;coding-plan-deep-work;neetcode-150,3,Intervals,2026-05-25
253,meeting-rooms-ii,Meeting Rooms II,Medium,52.7%,https://leetcode.com/problems/meeting-rooms-ii/,blind-curated-75;coding-plan-deep-work;google-thirty-days;neetcode-150,4,Intervals,2026-05-25
261,graph-valid-tree,Graph Valid Tree,Medium,50.0%,https://leetcode.com/problems/graph-valid-tree/,blind-curated-75;neetcode-150,2,Graphs,2026-05-25
268,missing-number,Missing Number,Easy,72.0%,https://leetcode.com/problems/missing-number/,blind-curated-75;neetcode-150,2,Bit Manipulation,2026-05-25
269,alien-dictionary,Alien Dictionary,Hard,37.2%,https://leetcode.com/problems/alien-dictionary/,blind-curated-75;coding-plan-deep-work;classic-3-topics-graph-tree;neetcode-150,4,Advanced Graphs,2026-05-25
271,encode-and-decode-strings,Encode and Decode Strings,Medium,51.6%,https://leetcode.com/problems/encode-and-decode-strings/,blind-curated-75;coding-plan-deep-work;neetcode-150,3,Arrays & Hashing,2026-05-25
282,expression-add-operators,Expression Add Operators,Hard,,https://leetcode.com/problems/expression-add-operators/,coding-plan-deep-work,1,,2026-05-17
283,move-zeroes,Move Zeroes,Easy,63.8%,https://leetcode.com/problems/move-zeroes/,licc-bonus-arrays-and-strings,1,,2026-05-17
286,walls-and-gates,Walls and Gates,Medium,,https://leetcode.com/problems/walls-and-gates/,coding-plan-deep-work;neetcode-150,2,Graphs,2026-05-25
287,find-the-duplicate-number,Find the Duplicate Number,Medium,64.3%,https://leetcode.com/problems/find-the-duplicate-number/,google-thirty-days;neetcode-150,2,Linked List,2026-05-25
290,word-pattern,Word Pattern,Easy,44.1%,https://leetcode.com/problems/word-pattern/,licc-bonus-hashing,1,,2026-05-17
295,find-median-from-data-stream,Find Median from Data Stream,Hard,54.5%,https://leetcode.com/problems/find-median-from-data-stream/,blind-curated-75;coding-plan-deep-work;google-thirty-days;neetcode-150,4,Heap / Priority Queue,2026-05-25
297,serialize-and-deserialize-binary-tree,Serialize and Deserialize Binary Tree,Hard,60.7%,https://leetcode.com/problems/serialize-and-deserialize-binary-tree/,blind-curated-75;coding-plan-deep-work;neetcode-150,3,Trees,2026-05-25
300,longest-increasing-subsequence,Longest Increasing Subsequence,Medium,59.4%,https://leetcode.com/problems/longest-increasing-subsequence/,blind-curated-75;coding-plan-deep-work;google-thirty-days;classic-3-topics-dp;neetcode-150,5,1-D Dynamic Programming,2026-05-25
301,remove-invalid-parentheses,Remove Invalid Parentheses,Hard,,https://leetcode.com/problems/remove-invalid-parentheses/,coding-plan-deep-work,1,,2026-05-17
303,range-sum-query-immutable,Range Sum Query - Immutable,Easy,72.1%,https://leetcode.com/problems/range-sum-query-immutable/,licc-bonus-arrays-and-strings,1,,2026-05-17
304,range-sum-query-2d-immutable,Range Sum Query 2D - Immutable,Medium,,https://leetcode.com/problems/range-sum-query-2d-immutable/,coding-plan-deep-work,1,,2026-05-17
309,best-time-to-buy-and-sell-stock-with-cooldown,Best Time to Buy and Sell Stock with Cooldown,Medium,,https://leetcode.com/problems/best-time-to-buy-and-sell-stock-with-cooldown/,coding-plan-deep-work;classic-3-topics-dp;neetcode-150,3,2-D Dynamic Programming,2026-05-25
312,burst-balloons,Burst Balloons,Hard,,https://leetcode.com/problems/burst-balloons/,coding-plan-deep-work;neetcode-150,2,2-D Dynamic Programming,2026-05-25
322,coin-change,Coin Change,Medium,48.4%,https://leetcode.com/problems/coin-change/,blind-curated-75;coding-plan-deep-work;google-thirty-days;classic-3-topics-dp;neetcode-150,5,1-D Dynamic Programming,2026-05-25
323,number-of-connected-components-in-an-undirected-graph,Number of Connected Components in an Undirected Graph,Medium,65.0%,https://leetcode.com/problems/number-of-connected-components-in-an-undirected-graph/,blind-curated-75;neetcode-150,2,Graphs,2026-05-25
325,maximum-size-subarray-sum-equals-k,Maximum Size Subarray Sum Equals k,Medium,,https://leetcode.com/problems/maximum-size-subarray-sum-equals-k/,coding-plan-deep-work,1,,2026-05-17
326,power-of-three,Power of Three,Easy,51.1%,https://leetcode.com/problems/power-of-three/,google-thirty-days,1,,2026-05-17
329,longest-increasing-path-in-a-matrix,Longest Increasing Path in a Matrix,Hard,,https://leetcode.com/problems/longest-increasing-path-in-a-matrix/,coding-plan-deep-work;neetcode-150,2,2-D Dynamic Programming,2026-05-25
332,reconstruct-itinerary,Reconstruct Itinerary,Hard,,https://leetcode.com/problems/reconstruct-itinerary/,coding-plan-deep-work;neetcode-150,2,Advanced Graphs,2026-05-25
337,house-robber-iii,House Robber III,Medium,55.9%,https://leetcode.com/problems/house-robber-iii/,coding-plan-deep-work;licc-bonus-dp,2,,2026-05-17
338,counting-bits,Counting Bits,Easy,80.6%,https://leetcode.com/problems/counting-bits/,blind-curated-75;neetcode-150,2,Bit Manipulation,2026-05-25
339,nested-list-weight-sum,Nested List Weight Sum,Medium,86.0%,https://leetcode.com/problems/nested-list-weight-sum/,meta-thirty-days,1,,2026-05-17
340,longest-substring-with-at-most-k-distinct-characters,Longest Substring with At Most K Distinct Characters,Medium,,https://leetcode.com/problems/longest-substring-with-at-most-k-distinct-characters/,coding-plan-deep-work,1,,2026-05-17
344,reverse-string,Reverse String,Easy,80.8%,https://leetcode.com/problems/reverse-string/,google-thirty-days,1,,2026-05-17
345,reverse-vowels-of-a-string,Reverse Vowels of a String,Easy,61.3%,https://leetcode.com/problems/reverse-vowels-of-a-string/,google-thirty-days,1,,2026-05-17
347,top-k-frequent-elements,Top K Frequent Elements,Medium,66.4%,https://leetcode.com/problems/top-k-frequent-elements/,blind-curated-75;coding-plan-deep-work;google-thirty-days;meta-thirty-days;neetcode-150,5,Arrays & Hashing,2026-05-25
349,intersection-of-two-arrays,Intersection of Two Arrays,Easy,77.8%,https://leetcode.com/problems/intersection-of-two-arrays/,google-thirty-days,1,,2026-05-17
353,design-snake-game,Design Snake Game,Medium,,https://leetcode.com/problems/design-snake-game/,coding-plan-deep-work,1,,2026-05-17
354,russian-doll-envelopes,Russian Doll Envelopes,Hard,,https://leetcode.com/problems/russian-doll-envelopes/,coding-plan-deep-work,1,,2026-05-17
355,design-twitter,Design Twitter,Medium,,https://leetcode.com/problems/design-twitter/,coding-plan-deep-work;neetcode-150,2,Heap / Priority Queue,2026-05-25
368,largest-divisible-subset,Largest Divisible Subset,Medium,49.6%,https://leetcode.com/problems/largest-divisible-subset/,licc-bonus-dp,1,,2026-05-17
371,sum-of-two-integers,Sum of Two Integers,Medium,55.5%,https://leetcode.com/problems/sum-of-two-integers/,blind-curated-75;neetcode-150,2,Bit Manipulation,2026-05-25
373,find-k-pairs-with-smallest-sums,Find K Pairs with Smallest Sums,Medium,41.9%,https://leetcode.com/problems/find-k-pairs-with-smallest-sums/,coding-plan-deep-work;licc-bonus-heaps,2,,2026-05-17
374,guess-number-higher-or-lower,Guess Number Higher or Lower,Easy,57.5%,https://leetcode.com/problems/guess-number-higher-or-lower/,licc-bonus-binary-search,1,,2026-05-17
378,kth-smallest-element-in-a-sorted-matrix,Kth Smallest Element in a Sorted Matrix,Medium,,https://leetcode.com/problems/kth-smallest-element-in-a-sorted-matrix/,coding-plan-deep-work,1,,2026-05-17
380,insert-delete-getrandom-o1,Insert Delete GetRandom O(1),Medium,,https://leetcode.com/problems/insert-delete-getrandom-o1/,coding-plan-deep-work,1,,2026-05-17
394,decode-string,Decode String,Medium,62.6%,https://leetcode.com/problems/decode-string/,coding-plan-deep-work;google-thirty-days,2,,2026-05-17
396,rotate-function,Rotate Function,Medium,54.1%,https://leetcode.com/problems/rotate-function/,google-thirty-days;meta-thirty-days,2,,2026-05-17
399,evaluate-division,Evaluate Division,Medium,,https://leetcode.com/problems/evaluate-division/,classic-3-topics-graph-tree,1,,2026-05-19
402,remove-k-digits,Remove K Digits,Medium,,https://leetcode.com/problems/remove-k-digits/,coding-plan-deep-work,1,,2026-05-17
410,split-array-largest-sum,Split Array Largest Sum,Hard,60.4%,https://leetcode.com/problems/split-array-largest-sum/,coding-plan-deep-work;google-thirty-days,2,,2026-05-17
416,partition-equal-subset-sum,Partition Equal Subset Sum,Medium,,https://leetcode.com/problems/partition-equal-subset-sum/,coding-plan-deep-work;classic-3-topics-dp;neetcode-150,3,1-D Dynamic Programming,2026-05-25
417,pacific-atlantic-water-flow,Pacific Atlantic Water Flow,Medium,60.9%,https://leetcode.com/problems/pacific-atlantic-water-flow/,blind-curated-75;coding-plan-deep-work;classic-3-topics-graph-tree;neetcode-150,4,Graphs,2026-05-25
424,longest-repeating-character-replacement,Longest Repeating Character Replacement,Medium,59.6%,https://leetcode.com/problems/longest-repeating-character-replacement/,blind-curated-75;coding-plan-deep-work;google-thirty-days;neetcode-150,4,Sliding Window,2026-05-25
435,non-overlapping-intervals,Non-overlapping Intervals,Medium,57.1%,https://leetcode.com/problems/non-overlapping-intervals/,blind-curated-75;coding-plan-deep-work;neetcode-150,3,Intervals,2026-05-25
437,path-sum-iii,Path Sum III,Medium,46.4%,https://leetcode.com/problems/path-sum-iii/,google-thirty-days,1,,2026-05-17
438,find-all-anagrams-in-a-string,Find All Anagrams in a String,Medium,,https://leetcode.com/problems/find-all-anagrams-in-a-string/,coding-plan-deep-work,1,,2026-05-17
451,sort-characters-by-frequency,Sort Characters By Frequency,Medium,75.3%,https://leetcode.com/problems/sort-characters-by-frequency/,licc-bonus-hashing,1,,2026-05-17
452,minimum-number-of-arrows-to-burst-balloons,Minimum Number of Arrows to Burst Balloons,Medium,,https://leetcode.com/problems/minimum-number-of-arrows-to-burst-balloons/,coding-plan-deep-work,1,,2026-05-17
456,132-pattern,132 Pattern,Medium,,https://leetcode.com/problems/132-pattern/,coding-plan-deep-work,1,,2026-05-17
460,lfu-cache,LFU Cache,Hard,,https://leetcode.com/problems/lfu-cache/,coding-plan-deep-work,1,,2026-05-17
474,ones-and-zeroes,Ones and Zeroes,Medium,53.3%,https://leetcode.com/problems/ones-and-zeroes/,licc-bonus-dp,1,,2026-05-17
480,sliding-window-median,Sliding Window Median,Hard,,https://leetcode.com/problems/sliding-window-median/,coding-plan-deep-work,1,,2026-05-17
485,max-consecutive-ones,Max Consecutive Ones,Easy,65.1%,https://leetcode.com/problems/max-consecutive-ones/,google-thirty-days,1,,2026-05-17
489,robot-room-cleaner,Robot Room Cleaner,Hard,,https://leetcode.com/problems/robot-room-cleaner/,coding-plan-deep-work,1,,2026-05-17
491,non-decreasing-subsequences,Non-decreasing Subsequences,Medium,62.7%,https://leetcode.com/problems/non-decreasing-subsequences/,licc-bonus-backtracking,1,,2026-05-17
494,target-sum,Target Sum,Medium,52.2%,https://leetcode.com/problems/target-sum/,licc-bonus-dp;classic-3-topics-dp;neetcode-150,3,2-D Dynamic Programming,2026-05-25
496,next-greater-element-i,Next Greater Element I,Easy,76.1%,https://leetcode.com/problems/next-greater-element-i/,google-thirty-days,1,,2026-05-17
502,ipo,IPO,Hard,,https://leetcode.com/problems/ipo/,coding-plan-deep-work,1,,2026-05-17
503,next-greater-element-ii,Next Greater Element II,Medium,,https://leetcode.com/problems/next-greater-element-ii/,coding-plan-deep-work,1,,2026-05-17
518,coin-change-ii,Coin Change II,Medium,60.1%,https://leetcode.com/problems/coin-change-ii/,licc-bonus-dp;classic-3-topics-dp;neetcode-150,3,2-D Dynamic Programming,2026-05-25
523,continuous-subarray-sum,Continuous Subarray Sum,Medium,,https://leetcode.com/problems/continuous-subarray-sum/,coding-plan-deep-work,1,,2026-05-17
525,contiguous-array,Contiguous Array,Medium,,https://leetcode.com/problems/contiguous-array/,coding-plan-deep-work,1,,2026-05-17
528,random-pick-with-weight,Random Pick with Weight,Medium,,https://leetcode.com/problems/random-pick-with-weight/,coding-plan-deep-work,1,,2026-05-17
535,encode-and-decode-tinyurl,Encode and Decode TinyURL,Medium,,https://leetcode.com/problems/encode-and-decode-tinyurl/,coding-plan-deep-work,1,,2026-05-17
540,single-element-in-a-sorted-array,Single Element in a Sorted Array,Medium,59.3%,https://leetcode.com/problems/single-element-in-a-sorted-array/,google-thirty-days;licc-bonus-binary-search,2,,2026-05-17
542,01-matrix,01 Matrix,Medium,53.9%,https://leetcode.com/problems/01-matrix/,google-thirty-days;classic-3-topics-graph-tree,2,,2026-05-17
543,diameter-of-binary-tree,Diameter of Binary Tree,Easy,,https://leetcode.com/problems/diameter-of-binary-tree/,coding-plan-deep-work;neetcode-150,2,Trees,2026-05-25
557,reverse-words-in-a-string-iii,Reverse Words in a String III,Easy,84.0%,https://leetcode.com/problems/reverse-words-in-a-string-iii/,licc-bonus-arrays-and-strings,1,,2026-05-17
560,subarray-sum-equals-k,Subarray Sum Equals K,Medium,47.3%,https://leetcode.com/problems/subarray-sum-equals-k/,coding-plan-deep-work;google-thirty-days;classic-3-topics-array-string,3,,2026-05-17
567,permutation-in-string,Permutation in String,Medium,48.8%,https://leetcode.com/problems/permutation-in-string/,coding-plan-deep-work;licc-bonus-hashing;neetcode-150,3,Sliding Window,2026-05-25
572,subtree-of-another-tree,Subtree of Another Tree,Easy,51.6%,https://leetcode.com/problems/subtree-of-another-tree/,blind-curated-75;neetcode-150,2,Trees,2026-05-25
577,employee-bonus,Employee Bonus,Easy,77.4%,https://leetcode.com/problems/employee-bonus/,google-thirty-days,1,,2026-05-17
595,big-countries,Big Countries,Easy,68.5%,https://leetcode.com/problems/big-countries/,google-thirty-days,1,,2026-05-17
621,task-scheduler,Task Scheduler,Medium,,https://leetcode.com/problems/task-scheduler/,coding-plan-deep-work;neetcode-150,2,Heap / Priority Queue,2026-05-25
632,smallest-range-covering-elements-from-k-lists,Smallest Range Covering Elements from K Lists,Hard,70.1%,https://leetcode.com/problems/smallest-range-covering-elements-from-k-lists/,coding-plan-deep-work;licc-bonus-heaps,2,,2026-05-17
636,exclusive-time-of-functions,Exclusive Time of Functions,Medium,66.2%,https://leetcode.com/problems/exclusive-time-of-functions/,meta-thirty-days,1,,2026-05-17
645,set-mismatch,Set Mismatch,Easy,43.7%,https://leetcode.com/problems/set-mismatch/,google-thirty-days,1,,2026-05-17
647,palindromic-substrings,Palindromic Substrings,Medium,72.8%,https://leetcode.com/problems/palindromic-substrings/,blind-curated-75;neetcode-150,2,1-D Dynamic Programming,2026-05-25
649,dota2-senate,Dota2 Senate,Medium,49.8%,https://leetcode.com/problems/dota2-senate/,licc-bonus-stacks-and-queues,1,,2026-05-17
658,find-k-closest-elements,Find K Closest Elements,Medium,,https://leetcode.com/problems/find-k-closest-elements/,coding-plan-deep-work,1,,2026-05-17
668,kth-smallest-number-in-multiplication-table,Kth Smallest Number in Multiplication Table,Hard,,https://leetcode.com/problems/kth-smallest-number-in-multiplication-table/,coding-plan-deep-work,1,,2026-05-17
678,valid-parenthesis-string,Valid Parenthesis String,Medium,,https://leetcode.com/problems/valid-parenthesis-string/,neetcode-150,1,Greedy,2026-05-25
684,redundant-connection,Redundant Connection,Medium,,https://leetcode.com/problems/redundant-connection/,coding-plan-deep-work;neetcode-150,2,Graphs,2026-05-25
692,top-k-frequent-words,Top K Frequent Words,Medium,60.2%,https://leetcode.com/problems/top-k-frequent-words/,licc-bonus-heaps,1,,2026-05-17
695,max-area-of-island,Max Area of Island,Medium,74.0%,https://leetcode.com/problems/max-area-of-island/,classic-3-topics-graph-tree;neetcode-150,2,Graphs,2026-05-25
701,insert-into-a-binary-search-tree,Insert into a Binary Search Tree,Medium,73.5%,https://leetcode.com/problems/insert-into-a-binary-search-tree/,google-thirty-days,1,,2026-05-17
703,kth-largest-element-in-a-stream,Kth Largest Element in a Stream,Easy,61.0%,https://leetcode.com/problems/kth-largest-element-in-a-stream/,google-thirty-days;neetcode-150,2,Heap / Priority Queue,2026-05-25
704,binary-search,Binary Search,Easy,,https://leetcode.com/problems/binary-search/,neetcode-150,1,Binary Search,2026-05-25
719,find-k-th-smallest-pair-distance,Find K-th Smallest Pair Distance,Hard,,https://leetcode.com/problems/find-k-th-smallest-pair-distance/,coding-plan-deep-work,1,,2026-05-17
721,accounts-merge,Accounts Merge,Medium,,https://leetcode.com/problems/accounts-merge/,coding-plan-deep-work;classic-3-topics-graph-tree,2,,2026-05-17
724,find-pivot-index,Find Pivot Index,Easy,62.6%,https://leetcode.com/problems/find-pivot-index/,licc-bonus-arrays-and-strings,1,,2026-05-17
726,number-of-atoms,Number of Atoms,Hard,,https://leetcode.com/problems/number-of-atoms/,coding-plan-deep-work,1,,2026-05-17
735,asteroid-collision,Asteroid Collision,Medium,47.8%,https://leetcode.com/problems/asteroid-collision/,coding-plan-deep-work;licc-bonus-stacks-and-queues,2,,2026-05-17
739,daily-temperatures,Daily Temperatures,Medium,,https://leetcode.com/problems/daily-temperatures/,coding-plan-deep-work;neetcode-150,2,Stack,2026-05-25
743,network-delay-time,Network Delay Time,Medium,,https://leetcode.com/problems/network-delay-time/,coding-plan-deep-work;classic-3-topics-graph-tree;neetcode-150,3,Advanced Graphs,2026-05-25
746,min-cost-climbing-stairs,Min Cost Climbing Stairs,Easy,,https://leetcode.com/problems/min-cost-climbing-stairs/,neetcode-150,1,1-D Dynamic Programming,2026-05-25
759,employee-free-time,Employee Free Time,Hard,,https://leetcode.com/problems/employee-free-time/,coding-plan-deep-work,1,,2026-05-17
763,partition-labels,Partition Labels,Medium,,https://leetcode.com/problems/partition-labels/,coding-plan-deep-work;neetcode-150,2,Greedy,2026-05-25
767,reorganize-string,Reorganize String,Medium,,https://leetcode.com/problems/reorganize-string/,coding-plan-deep-work,1,,2026-05-17
777,swap-adjacent-in-lr-string,Swap Adjacent in LR String,Medium,38.1%,https://leetcode.com/problems/swap-adjacent-in-lr-string/,google-thirty-days,1,,2026-05-17
778,swim-in-rising-water,Swim in Rising Water,Hard,67.8%,https://leetcode.com/problems/swim-in-rising-water/,licc-bonus-binary-search;neetcode-150,2,Advanced Graphs,2026-05-25
787,cheapest-flights-within-k-stops,Cheapest Flights Within K Stops,Medium,,https://leetcode.com/problems/cheapest-flights-within-k-stops/,coding-plan-deep-work;neetcode-150,2,Advanced Graphs,2026-05-25
788,rotated-digits,Rotated Digits,Medium,63.9%,https://leetcode.com/problems/rotated-digits/,google-thirty-days,1,,2026-05-17
791,custom-sort-string,Custom Sort String,Medium,72.3%,https://leetcode.com/problems/custom-sort-string/,licc-bonus-hashing,1,,2026-05-17
796,rotate-string,Rotate String,Easy,66.6%,https://leetcode.com/problems/rotate-string/,google-thirty-days,1,,2026-05-17
815,bus-routes,Bus Routes,Hard,47.3%,https://leetcode.com/problems/bus-routes/,coding-plan-deep-work;google-thirty-days,2,,2026-05-17
846,hand-of-straights,Hand of Straights,Medium,,https://leetcode.com/problems/hand-of-straights/,neetcode-150,1,Greedy,2026-05-25
853,car-fleet,Car Fleet,Medium,,https://leetcode.com/problems/car-fleet/,coding-plan-deep-work;neetcode-150,2,Stack,2026-05-25
862,shortest-subarray-with-sum-at-least-k,Shortest Subarray with Sum at Least K,Hard,,https://leetcode.com/problems/shortest-subarray-with-sum-at-least-k/,coding-plan-deep-work,1,,2026-05-17
863,all-nodes-distance-k-in-binary-tree,All Nodes Distance K in Binary Tree,Medium,,https://leetcode.com/problems/all-nodes-distance-k-in-binary-tree/,coding-plan-deep-work,1,,2026-05-17
875,koko-eating-bananas,Koko Eating Bananas,Medium,50.0%,https://leetcode.com/problems/koko-eating-bananas/,coding-plan-deep-work;google-thirty-days;neetcode-150,3,Binary Search,2026-05-25
876,middle-of-the-linked-list,Middle of the Linked List,Easy,81.8%,https://leetcode.com/problems/middle-of-the-linked-list/,google-thirty-days,1,,2026-05-17
901,online-stock-span,Online Stock Span,Medium,,https://leetcode.com/problems/online-stock-span/,coding-plan-deep-work,1,,2026-05-17
904,fruit-into-baskets,Fruit Into Baskets,Medium,,https://leetcode.com/problems/fruit-into-baskets/,coding-plan-deep-work,1,,2026-05-17
907,sum-of-subarray-minimums,Sum of Subarray Minimums,Medium,38.6%,https://leetcode.com/problems/sum-of-subarray-minimums/,coding-plan-deep-work;google-thirty-days;licc-bonus-stacks-and-queues,3,,2026-05-17
917,reverse-only-letters,Reverse Only Letters,Easy,68.5%,https://leetcode.com/problems/reverse-only-letters/,licc-bonus-arrays-and-strings,1,,2026-05-17
930,binary-subarrays-with-sum,Binary Subarrays With Sum,Medium,68.8%,https://leetcode.com/problems/binary-subarrays-with-sum/,licc-bonus-hashing,1,,2026-05-17
931,minimum-falling-path-sum,Minimum Falling Path Sum,Medium,60.8%,https://leetcode.com/problems/minimum-falling-path-sum/,google-thirty-days,1,,2026-05-17
946,validate-stack-sequences,Validate Stack Sequences,Medium,70.4%,https://leetcode.com/problems/validate-stack-sequences/,licc-bonus-stacks-and-queues,1,,2026-05-17
962,maximum-width-ramp,Maximum Width Ramp,Medium,,https://leetcode.com/problems/maximum-width-ramp/,coding-plan-deep-work,1,,2026-05-17
968,binary-tree-cameras,Binary Tree Cameras,Hard,,https://leetcode.com/problems/binary-tree-cameras/,coding-plan-deep-work,1,,2026-05-17
973,k-closest-points-to-origin,K Closest Points to Origin,Medium,,https://leetcode.com/problems/k-closest-points-to-origin/,coding-plan-deep-work;neetcode-150,2,Heap / Priority Queue,2026-05-25
977,squares-of-a-sorted-array,Squares of a Sorted Array,Easy,73.7%,https://leetcode.com/problems/squares-of-a-sorted-array/,google-thirty-days,1,,2026-05-17
980,unique-paths-iii,Unique Paths III,Hard,82.8%,https://leetcode.com/problems/unique-paths-iii/,licc-bonus-backtracking,1,,2026-05-17
981,time-based-key-value-store,Time Based Key-Value Store,Medium,,https://leetcode.com/problems/time-based-key-value-store/,coding-plan-deep-work;neetcode-150,2,Binary Search,2026-05-25
986,interval-list-intersections,Interval List Intersections,Medium,,https://leetcode.com/problems/interval-list-intersections/,coding-plan-deep-work,1,,2026-05-17
987,vertical-order-traversal-of-a-binary-tree,Vertical Order Traversal of a Binary Tree,Hard,,https://leetcode.com/problems/vertical-order-traversal-of-a-binary-tree/,coding-plan-deep-work,1,,2026-05-17
992,subarrays-with-k-different-integers,Subarrays with K Different Integers,Hard,,https://leetcode.com/problems/subarrays-with-k-different-integers/,coding-plan-deep-work,1,,2026-05-17
994,rotting-oranges,Rotting Oranges,Medium,,https://leetcode.com/problems/rotting-oranges/,coding-plan-deep-work;classic-3-topics-graph-tree;neetcode-150,3,Graphs,2026-05-25
1004,max-consecutive-ones-iii,Max Consecutive Ones III,Medium,67.7%,https://leetcode.com/problems/max-consecutive-ones-iii/,coding-plan-deep-work;google-thirty-days;meta-thirty-days,3,,2026-05-17
1011,capacity-to-ship-packages-within-d-days,Capacity To Ship Packages Within D Days,Medium,,https://leetcode.com/problems/capacity-to-ship-packages-within-d-days/,coding-plan-deep-work,1,,2026-05-17
1027,longest-arithmetic-subsequence,Longest Arithmetic Subsequence,Medium,50.0%,https://leetcode.com/problems/longest-arithmetic-subsequence/,licc-bonus-dp,1,,2026-05-17
1032,stream-of-characters,Stream of Characters,Hard,,https://leetcode.com/problems/stream-of-characters/,coding-plan-deep-work,1,,2026-05-17
1035,uncrossed-lines,Uncrossed Lines,Medium,65.2%,https://leetcode.com/problems/uncrossed-lines/,licc-bonus-dp,1,,2026-05-17
1046,last-stone-weight,Last Stone Weight,Easy,,https://leetcode.com/problems/last-stone-weight/,neetcode-150,1,Heap / Priority Queue,2026-05-25
1048,longest-string-chain,Longest String Chain,Medium,,https://leetcode.com/problems/longest-string-chain/,coding-plan-deep-work,1,,2026-05-17
1063,number-of-valid-subarrays,Number of Valid Subarrays,Hard,80.0%,https://leetcode.com/problems/number-of-valid-subarrays/,licc-bonus-stacks-and-queues,1,,2026-05-17
1091,shortest-path-in-binary-matrix,Shortest Path in Binary Matrix,Medium,,https://leetcode.com/problems/shortest-path-in-binary-matrix/,coding-plan-deep-work,1,,2026-05-17
1109,corporate-flight-bookings,Corporate Flight Bookings,Medium,67.3%,https://leetcode.com/problems/corporate-flight-bookings/,google-thirty-days,1,,2026-05-17
1137,n-th-tribonacci-number,N-th Tribonacci Number,Easy,63.2%,https://leetcode.com/problems/n-th-tribonacci-number/,licc-bonus-dp,1,,2026-05-17
1143,longest-common-subsequence,Longest Common Subsequence,Medium,,https://leetcode.com/problems/longest-common-subsequence/,coding-plan-deep-work;classic-3-topics-dp;neetcode-150,3,2-D Dynamic Programming,2026-05-25
1148,article-views-i,Article Views I,Easy,76.6%,https://leetcode.com/problems/article-views-i/,google-thirty-days,1,,2026-05-17
1155,number-of-dice-rolls-with-target-sum,Number of Dice Rolls With Target Sum,Medium,62.3%,https://leetcode.com/problems/number-of-dice-rolls-with-target-sum/,licc-bonus-dp,1,,2026-05-17
1207,unique-number-of-occurrences,Unique Number of Occurrences,Easy,78.7%,https://leetcode.com/problems/unique-number-of-occurrences/,licc-bonus-hashing,1,,2026-05-17
1208,get-equal-substrings-within-budget,Get Equal Substrings Within Budget,Medium,59.7%,https://leetcode.com/problems/get-equal-substrings-within-budget/,licc-bonus-arrays-and-strings,1,,2026-05-17
1218,longest-arithmetic-subsequence-of-given-difference,Longest Arithmetic Subsequence of Given Difference,Medium,54.3%,https://leetcode.com/problems/longest-arithmetic-subsequence-of-given-difference/,licc-bonus-dp,1,,2026-05-17
1234,replace-the-substring-for-balanced-string,Replace the Substring for Balanced String,Medium,,https://leetcode.com/problems/replace-the-substring-for-balanced-string/,coding-plan-deep-work,1,,2026-05-17
1249,minimum-remove-to-make-valid-parentheses,Minimum Remove to Make Valid Parentheses,Medium,71.5%,https://leetcode.com/problems/minimum-remove-to-make-valid-parentheses/,meta-thirty-days,1,,2026-05-17
1296,divide-array-in-sets-of-k-consecutive-numbers,Divide Array in Sets of K Consecutive Numbers,Medium,59.2%,https://leetcode.com/problems/divide-array-in-sets-of-k-consecutive-numbers/,google-thirty-days,1,,2026-05-17
1321,restaurant-growth,Restaurant Growth,Medium,58.7%,https://leetcode.com/problems/restaurant-growth/,google-thirty-days,1,,2026-05-17
1391,check-if-there-is-a-valid-path-in-a-grid,Check if There is a Valid Path in a Grid,Medium,64.5%,https://leetcode.com/problems/check-if-there-is-a-valid-path-in-a-grid/,google-thirty-days,1,,2026-05-17
1394,find-lucky-integer-in-an-array,Find Lucky Integer in an Array,Easy,75.5%,https://leetcode.com/problems/find-lucky-integer-in-an-array/,licc-bonus-hashing,1,,2026-05-17
1406,stone-game-iii,Stone Game III,Hard,63.3%,https://leetcode.com/problems/stone-game-iii/,licc-bonus-dp,1,,2026-05-17
1415,the-k-th-lexicographical-string-of-all-happy-strings-of-length-n,The k-th Lexicographical String of All Happy Strings of Length n,Medium,87.1%,https://leetcode.com/problems/the-k-th-lexicographical-string-of-all-happy-strings-of-length-n/,licc-bonus-backtracking,1,,2026-05-17
1425,constrained-subsequence-sum,Constrained Subsequence Sum,Hard,,https://leetcode.com/problems/constrained-subsequence-sum/,coding-plan-deep-work,1,,2026-05-17
1436,destination-city,Destination City,Easy,79.5%,https://leetcode.com/problems/destination-city/,licc-bonus-hashing,1,,2026-05-17
1441,build-an-array-with-stack-operations,Build an Array With Stack Operations,Medium,80.9%,https://leetcode.com/problems/build-an-array-with-stack-operations/,google-thirty-days,1,,2026-05-17
1448,count-good-nodes-in-binary-tree,Count Good Nodes In Binary Tree,Medium,,https://leetcode.com/problems/count-good-nodes-in-binary-tree/,neetcode-150,1,Trees,2026-05-25
1456,maximum-number-of-vowels-in-a-substring-of-given-length,Maximum Number of Vowels in a Substring of Given Length,Medium,61.9%,https://leetcode.com/problems/maximum-number-of-vowels-in-a-substring-of-given-length/,licc-bonus-arrays-and-strings,1,,2026-05-17
1475,final-prices-with-a-special-discount-in-a-shop,Final Prices With a Special Discount in a Shop,Easy,84.1%,https://leetcode.com/problems/final-prices-with-a-special-discount-in-a-shop/,licc-bonus-stacks-and-queues,1,,2026-05-17
1482,minimum-number-of-days-to-make-m-bouquets,Minimum Number of Days to Make m Bouquets,Medium,56.5%,https://leetcode.com/problems/minimum-number-of-days-to-make-m-bouquets/,google-thirty-days;licc-bonus-binary-search,2,,2026-05-17
1496,path-crossing,Path Crossing,Easy,62.6%,https://leetcode.com/problems/path-crossing/,licc-bonus-hashing,1,,2026-05-17
1512,number-of-good-pairs,Number of Good Pairs,Easy,89.8%,https://leetcode.com/problems/number-of-good-pairs/,licc-bonus-hashing,1,,2026-05-17
1533,find-the-index-of-the-large-integer,Find the Index of the Large Integer,Medium,56.5%,https://leetcode.com/problems/find-the-index-of-the-large-integer/,licc-bonus-binary-search,1,,2026-05-17
1539,kth-missing-positive-number,Kth Missing Positive Number,Easy,63.5%,https://leetcode.com/problems/kth-missing-positive-number/,meta-thirty-days,1,,2026-05-17
1559,detect-cycles-in-2d-grid,Detect Cycles in 2D Grid,Medium,63.3%,https://leetcode.com/problems/detect-cycles-in-2d-grid/,google-thirty-days,1,,2026-05-17
1581,customer-who-visited-but-did-not-make-any-transactions,Customer Who Visited but Did Not Make Any Transactions,Easy,67.7%,https://leetcode.com/problems/customer-who-visited-but-did-not-make-any-transactions/,google-thirty-days,1,,2026-05-17
1584,min-cost-to-connect-all-points,Min Cost to Connect All Points,Medium,,https://leetcode.com/problems/min-cost-to-connect-all-points/,neetcode-150,1,Advanced Graphs,2026-05-25
1642,furthest-building-you-can-reach,Furthest Building You Can Reach,Medium,,https://leetcode.com/problems/furthest-building-you-can-reach/,coding-plan-deep-work,1,,2026-05-17
1650,lowest-common-ancestor-of-a-binary-tree-iii,Lowest Common Ancestor of a Binary Tree III,Medium,83.0%,https://leetcode.com/problems/lowest-common-ancestor-of-a-binary-tree-iii/,meta-thirty-days,1,,2026-05-17
1657,determine-if-two-strings-are-close,Determine if Two Strings Are Close,Medium,54.3%,https://leetcode.com/problems/determine-if-two-strings-are-close/,licc-bonus-hashing,1,,2026-05-17
1665,minimum-initial-energy-to-finish-tasks,Minimum Initial Energy to Finish Tasks,Hard,76.5%,https://leetcode.com/problems/minimum-initial-energy-to-finish-tasks/,google-thirty-days,1,,2026-05-17
1673,find-the-most-competitive-subsequence,Find the Most Competitive Subsequence,Medium,53.0%,https://leetcode.com/problems/find-the-most-competitive-subsequence/,licc-bonus-stacks-and-queues,1,,2026-05-17
1674,minimum-moves-to-make-array-complementary,Minimum Moves to Make Array Complementary,Medium,65.2%,https://leetcode.com/problems/minimum-moves-to-make-array-complementary/,google-thirty-days;meta-thirty-days,2,,2026-05-17
1695,maximum-erasure-value,Maximum Erasure Value,Medium,64.3%,https://leetcode.com/problems/maximum-erasure-value/,licc-bonus-hashing,1,,2026-05-17
1722,minimize-hamming-distance-after-swap-operations,Minimize Hamming Distance After Swap Operations,Medium,69.6%,https://leetcode.com/problems/minimize-hamming-distance-after-swap-operations/,google-thirty-days,1,,2026-05-17
1732,find-the-highest-altitude,Find the Highest Altitude,Easy,83.9%,https://leetcode.com/problems/find-the-highest-altitude/,licc-bonus-arrays-and-strings,1,,2026-05-17
1748,sum-of-unique-elements,Sum of Unique Elements,Easy,80.0%,https://leetcode.com/problems/sum-of-unique-elements/,licc-bonus-hashing,1,,2026-05-17
1757,recyclable-and-low-fat-products,Recyclable and Low Fat Products,Easy,88.6%,https://leetcode.com/problems/recyclable-and-low-fat-products/,google-thirty-days,1,,2026-05-17
1768,merge-strings-alternately,Merge Strings Alternately,Easy,82.1%,https://leetcode.com/problems/merge-strings-alternately/,google-thirty-days,1,,2026-05-17
1838,frequency-of-the-most-frequent-element,Frequency of the Most Frequent Element,Medium,44.8%,https://leetcode.com/problems/frequency-of-the-most-frequent-element/,google-thirty-days,1,,2026-05-17
1845,seat-reservation-manager,Seat Reservation Manager,Medium,67.2%,https://leetcode.com/problems/seat-reservation-manager/,licc-bonus-heaps,1,,2026-05-17
1851,minimum-interval-to-include-each-query,Minimum Interval to Include Each Query,Hard,,https://leetcode.com/problems/minimum-interval-to-include-each-query/,neetcode-150,1,Intervals,2026-05-25
1855,maximum-distance-between-a-pair-of-values,Maximum Distance Between a Pair of Values,Medium,61.4%,https://leetcode.com/problems/maximum-distance-between-a-pair-of-values/,licc-bonus-binary-search,1,,2026-05-17
1861,rotating-the-box,Rotating the Box,Medium,82.5%,https://leetcode.com/problems/rotating-the-box/,google-thirty-days,1,,2026-05-17
1899,merge-triplets-to-form-target-triplet,Merge Triplets to Form Target Triplet,Medium,,https://leetcode.com/problems/merge-triplets-to-form-target-triplet/,neetcode-150,1,Greedy,2026-05-25
1914,cyclically-rotating-a-grid,Cyclically Rotating a Grid,Medium,74.1%,https://leetcode.com/problems/cyclically-rotating-a-grid/,google-thirty-days,1,,2026-05-17
1929,concatenation-of-array,Concatenation of Array,Easy,90.3%,https://leetcode.com/problems/concatenation-of-array/,google-thirty-days,1,,2026-05-17
1944,number-of-visible-people-in-a-queue,Number of Visible People in a Queue,Hard,73.0%,https://leetcode.com/problems/number-of-visible-people-in-a-queue/,coding-plan-deep-work;google-thirty-days;licc-bonus-stacks-and-queues,3,,2026-05-17
1970,last-day-where-you-can-still-cross,Last Day Where You Can Still Cross,Hard,68.7%,https://leetcode.com/problems/last-day-where-you-can-still-cross/,licc-bonus-binary-search,1,,2026-05-17
2000,reverse-prefix-of-word,Reverse Prefix of Word,Easy,86.5%,https://leetcode.com/problems/reverse-prefix-of-word/,licc-bonus-arrays-and-strings,1,,2026-05-17
2011,final-value-of-variable-after-performing-operations,Final Value of Variable After Performing Operations,Easy,90.6%,https://leetcode.com/problems/final-value-of-variable-after-performing-operations/,google-thirty-days,1,,2026-05-17
2013,detect-squares,Detect Squares,Medium,,https://leetcode.com/problems/detect-squares/,neetcode-150,1,Math & Geometry,2026-05-25
2078,two-furthest-houses-with-different-colors,Two Furthest Houses With Different Colors,Easy,71.8%,https://leetcode.com/problems/two-furthest-houses-with-different-colors/,google-thirty-days,1,,2026-05-17
2104,sum-of-subarray-ranges,Sum of Subarray Ranges,Medium,61.1%,https://leetcode.com/problems/sum-of-subarray-ranges/,licc-bonus-stacks-and-queues,1,,2026-05-17
2141,maximum-running-time-of-n-computers,Maximum Running Time of N Computers,Hard,56.5%,https://leetcode.com/problems/maximum-running-time-of-n-computers/,licc-bonus-binary-search,1,,2026-05-17
2182,construct-string-with-repeat-limit,Construct String With Repeat Limit,Medium,70.8%,https://leetcode.com/problems/construct-string-with-repeat-limit/,licc-bonus-heaps,1,,2026-05-17
2187,minimum-time-to-complete-trips,Minimum Time to Complete Trips,Medium,39.8%,https://leetcode.com/problems/minimum-time-to-complete-trips/,licc-bonus-binary-search,1,,2026-05-17
2226,maximum-candies-allocated-to-k-children,Maximum Candies Allocated to K Children,Medium,49.9%,https://leetcode.com/problems/maximum-candies-allocated-to-k-children/,licc-bonus-binary-search,1,,2026-05-17
2235,add-two-integers,Add Two Integers,Easy,88.0%,https://leetcode.com/problems/add-two-integers/,google-thirty-days,1,,2026-05-17
2250,count-number-of-rectangles-containing-each-point,Count Number of Rectangles Containing Each Point,Medium,37.6%,https://leetcode.com/problems/count-number-of-rectangles-containing-each-point/,licc-bonus-binary-search,1,,2026-05-17
2251,number-of-flowers-in-full-bloom,Number of Flowers in Full Bloom,Hard,57.8%,https://leetcode.com/problems/number-of-flowers-in-full-bloom/,licc-bonus-binary-search,1,,2026-05-17
2258,escape-the-spreading-fire,Escape the Spreading Fire,Hard,38.2%,https://leetcode.com/problems/escape-the-spreading-fire/,licc-bonus-binary-search,1,,2026-05-17
2305,fair-distribution-of-cookies,Fair Distribution of Cookies,Medium,69.9%,https://leetcode.com/problems/fair-distribution-of-cookies/,licc-bonus-backtracking,1,,2026-05-17
2336,smallest-number-in-infinite-set,Smallest Number in Infinite Set,Medium,70.6%,https://leetcode.com/problems/smallest-number-in-infinite-set/,licc-bonus-heaps,1,,2026-05-17
2390,removing-stars-from-a-string,Removing Stars From a String,Medium,79.3%,https://leetcode.com/problems/removing-stars-from-a-string/,licc-bonus-stacks-and-queues,1,,2026-05-17
2398,maximum-number-of-robots-within-budget,Maximum Number of Robots Within Budget,Hard,38.6%,https://leetcode.com/problems/maximum-number-of-robots-within-budget/,licc-bonus-stacks-and-queues,1,,2026-05-17
2402,meeting-rooms-iii,Meeting Rooms III,Hard,51.5%,https://leetcode.com/problems/meeting-rooms-iii/,licc-bonus-heaps,1,,2026-05-17
2434,using-a-robot-to-print-the-lexicographically-smallest-string,Using a Robot to Print the Lexicographically Smallest String,Medium,62.3%,https://leetcode.com/problems/using-a-robot-to-print-the-lexicographically-smallest-string/,licc-bonus-stacks-and-queues,1,,2026-05-17
2452,words-within-two-edits-of-dictionary,Words Within Two Edits of Dictionary,Medium,73.5%,https://leetcode.com/problems/words-within-two-edits-of-dictionary/,google-thirty-days,1,,2026-05-17
2462,total-cost-to-hire-k-workers,Total Cost to Hire K Workers,Medium,43.6%,https://leetcode.com/problems/total-cost-to-hire-k-workers/,licc-bonus-heaps,1,,2026-05-17
2476,closest-nodes-queries-in-a-binary-search-tree,Closest Nodes Queries in a Binary Search Tree,Medium,44.5%,https://leetcode.com/problems/closest-nodes-queries-in-a-binary-search-tree/,licc-bonus-binary-search,1,,2026-05-17
2517,maximum-tastiness-of-candy-basket,Maximum Tastiness of Candy Basket,Medium,68.1%,https://leetcode.com/problems/maximum-tastiness-of-candy-basket/,licc-bonus-binary-search,1,,2026-05-17
2540,minimum-common-value,Minimum Common Value,Easy,58.0%,https://leetcode.com/problems/minimum-common-value/,licc-bonus-arrays-and-strings,1,,2026-05-17
2553,separate-the-digits-in-an-array,Separate the Digits in an Array,Easy,85.8%,https://leetcode.com/problems/separate-the-digits-in-an-array/,google-thirty-days,1,,2026-05-17
2615,sum-of-distances,Sum of Distances,Medium,50.4%,https://leetcode.com/problems/sum-of-distances/,google-thirty-days,1,,2026-05-17
2667,create-hello-world-function,Create Hello World Function,Easy,81.9%,https://leetcode.com/problems/create-hello-world-function/,google-thirty-days,1,,2026-05-17
2784,check-if-array-is-good,Check if Array is Good,Easy,57.3%,https://leetcode.com/problems/check-if-array-is-good/,google-thirty-days,1,,2026-05-17
2877,create-a-dataframe-from-list,Create a DataFrame from List,Easy,81.0%,https://leetcode.com/problems/create-a-dataframe-from-list/,google-thirty-days,1,,2026-05-17
2958,length-of-longest-subarray-with-at-most-k-frequency,Length of Longest Subarray With at Most K Frequency,Medium,56.6%,https://leetcode.com/problems/length-of-longest-subarray-with-at-most-k-frequency/,licc-bonus-hashing,1,,2026-05-17
3005,count-elements-with-maximum-frequency,Count Elements With Maximum Frequency,Easy,79.8%,https://leetcode.com/problems/count-elements-with-maximum-frequency/,licc-bonus-hashing,1,,2026-05-17
3225,maximum-score-from-grid-operations,Maximum Score From Grid Operations,Hard,64.6%,https://leetcode.com/problems/maximum-score-from-grid-operations/,google-thirty-days,1,,2026-05-17
3464,maximize-the-distance-between-points-on-a-square,Maximize the Distance Between Points on a Square,Hard,51.2%,https://leetcode.com/problems/maximize-the-distance-between-points-on-a-square/,google-thirty-days,1,,2026-05-17
3629,minimum-jumps-to-reach-end-via-prime-teleportation,Minimum Jumps to Reach End via Prime Teleportation,Medium,44.9%,https://leetcode.com/problems/minimum-jumps-to-reach-end-via-prime-teleportation/,google-thirty-days,1,,2026-05-17
3660,jump-game-ix,Jump Game IX,Medium,46.2%,https://leetcode.com/problems/jump-game-ix/,google-thirty-days,1,,2026-05-17
3742,maximum-path-score-in-a-grid,Maximum Path Score in a Grid,Medium,53.9%,https://leetcode.com/problems/maximum-path-score-in-a-grid/,google-thirty-days,1,,2026-05-17
